X,region,date_locality,unique,sample,depth,interval_no,min,median,predicted_age_BP,max,predicted_age_AD_BC,perc_2.5,perc_25,perc_50,perc_75,perc_97.5,time_uncert
1,Gulf of Panama,Contadora,BF18-1-11-2.5,BF18-1-11,2.5,1,-68,-68,-67.287,-65,2017.287,NA,NA,NA,NA,NA,NA
2,Gulf of Panama,Contadora,BF18-1-11-7.5,BF18-1-11,7.5,2,-67,-65,-63.864,-46.975,2013.864,1,1,2,3,18.025,2
3,Gulf of Panama,Contadora,BF18-1-11-12.5,BF18-1-11,12.5,3,-66,-62,-48.791,51.025,1998.791,1,2,3,16,94.075,14
4,Gulf of Panama,Contadora,BF18-1-11-17.5,BF18-1-11,17.5,4,-54,-11,0.645,106,1949.355,9,24,41,67,141.15,43
5,Gulf of Panama,Contadora,BF18-1-11-22.5,BF18-1-11,22.5,5,-40,37,41.672,135,1908.328,7.975,22,36,53,106,31
6,Gulf of Panama,Contadora,BF18-1-11-27.5,BF18-1-11,27.5,6,-19.025,84,80.069,156,1869.931,8,20,32,50.25,102.025,30.25
7,Gulf of Panama,Contadora,BF18-1-11-32.5,BF18-1-11,32.5,7,15,130,119.184,170,1830.816,8,21,34,51,103.025,30
8,Gulf of Panama,Contadora,BF18-1-11-37.5,BF18-1-11,37.5,8,105.95,177,169.881,186,1780.119,8,24,41,69,148,45
9,Gulf of Panama,Contadora,BF18-1-11-42.5,BF18-1-11,42.5,9,178,183,184.156,195,1765.844,1,3,7,16,81.025,13
10,Gulf of Panama,Contadora,BF18-1-11-47.5,BF18-1-11,47.5,10,180,187,187.708,199,1762.292,1,2,3,4,10,2
11,Gulf of Panama,Contadora,BF18-1-11-52.5,BF18-1-11,52.5,11,182,191,190.967,201,1759.033,0.975,2,3,4,10,2
12,Gulf of Panama,Contadora,BF18-1-11-57.5,BF18-1-11,57.5,12,184,195,194.193,203,1755.807,1,2,3,4,10,2
13,Gulf of Panama,Contadora,BF18-1-11-63,BF18-1-11,63,13,188,199,197.961,205,1752.039,1,2,3,5,10,3
14,Gulf of Panama,Contadora,BF18-1-11-68.5,BF18-1-11,68.5,14,196,204,203.515,208,1746.485,1,3,4,8,14.025,5
15,Gulf of Panama,Contadora,BF18-1-11-73.5,BF18-1-11,73.5,15,206,210,209.991,218,1740.009,1,4,6,8,16,4
16,Gulf of Panama,Contadora,BF18-1-11-78.5,BF18-1-11,78.5,16,211,216,216.564,225,1733.436,2,4,6,8,15,4
17,Gulf of Panama,Contadora,BF18-1-11-83.5,BF18-1-11,83.5,17,214,222,221.83,228,1728.17,1,3,5,6,11,3
18,Gulf of Panama,Contadora,BF18-1-11-88.5,BF18-1-11,88.5,18,220,231,279.553,608.225,1670.447,2,5,11,60.25,384.2,55.25
19,Gulf of Panama,Contadora,BF18-1-11-93.5,BF18-1-11,93.5,19,272.975,470,520.926,1025.025,1429.074,41.975,118,198.5,317.25,682.1,199.25
20,Gulf of Panama,Contadora,BF18-1-11-98.5,BF18-1-11,98.5,20,326,693,715.608,1196.025,1234.392,38,106.75,174,253,506,146.25
21,Gulf of Panama,Contadora,BF18-1-11-103.5,BF18-1-11,103.5,21,431.95,922,905.133,1281.025,1044.867,36,98.75,164,243,510.375,144.25
22,Gulf of Panama,Contadora,BF18-1-11-108.5,BF18-1-11,108.5,22,611,1153.5,1101.34,1337,848.66,41,107,174.5,250,499,143
23,Gulf of Panama,Contadora,BF18-1-11-113.5,BF18-1-11,113.5,23,1006.75,1379,1380.26,1741.15,569.74,47.975,145,234,367.25,767.1,222.25
24,Gulf of Panama,Contadora,BF18-1-11-118.5,BF18-1-11,118.5,24,1434,1640,1674.248,2118.15,275.752,61.925,167,247.5,371,776.075,204
25,Gulf of Panama,Contadora,BF18-1-11-123.5,BF18-1-11,123.5,25,1499,1881,1874.391,2230.025,75.609,42,114,185,260,486.05,146
26,Gulf of Panama,Contadora,BF18-1-11-128.5,BF18-1-11,128.5,26,1625.95,2116,2072.777,2313,-122.777,44.975,117,186,254,480.1,137
27,Gulf of Panama,Contadora,BF18-1-11-133.5,BF18-1-11,133.5,27,2017.925,2361,2353.959,2660.075,-403.959,55.975,159.75,234.5,363.5,713.025,203.75
28,Gulf of Panama,Contadora,BF18-1-11-138.5,BF18-1-11,138.5,28,2388,2539,2590.133,3092,-640.133,33.975,103,175,308,751.05,205
29,Gulf of Panama,Contadora,BF18-1-11-143.5,BF18-1-11,143.5,29,2422,2696.5,2735.915,3287.25,-785.915,23,64,113.5,187.25,469.075,123.25
30,Gulf of Panama,Contadora,BF18-1-11-148.5,BF18-1-11,148.5,30,2461.975,2843,2868.902,3426.075,-918.902,21.975,59,102,169,440.15,110
31,Gulf of Panama,Contadora,BF18-1-11-153.5,BF18-1-11,153.5,31,2513.925,2990.5,2998.027,3531.175,-1048.027,22,55,98,172.25,426.05,117.25
32,Gulf of Panama,Contadora,BF18-1-11-158.5,BF18-1-11,158.5,32,2562,3137.5,3134.169,3626.1,-1184.169,22,57,100,173,440.225,116
33,Gulf of Panama,Contadora,BF18-1-11-163.5,BF18-1-11,163.5,33,2660.825,3291,3264.434,3725.1,-1314.434,23,57,98,166,437.125,109
34,Gulf of Panama,Contadora,BF18-1-11-168.5,BF18-1-11,168.5,34,2786,3429,3399.87,3795,-1449.87,23.975,60,101,165,486.075,105
35,Gulf of Panama,Contadora,BF18-1-11-173.5,BF18-1-11,173.5,35,2979.375,3576.5,3535.922,3843.05,-1585.922,24,63,103,169,457.2,106
36,Gulf of Panama,Contadora,BF18-1-11-178.5,BF18-1-11,178.5,36,3148.95,3731,3682.972,3888,-1732.972,24.975,69,114,180,470.05,111
37,Gulf of Panama,Contadora,BF18-1-11-183.5,BF18-1-11,183.5,37,3614.75,3909,3886.644,4066.1,-1936.644,32,91,162,279.25,626.05,188.25
38,Gulf of Panama,Contadora,BF18-1-11-188.5,BF18-1-11,188.5,38,3922,3989,4015.782,4238.025,-2065.782,16,50.75,93,164.25,451.275,113.5
39,Gulf of Panama,Contadora,BF18-1-11-193.5,BF18-1-11,193.5,39,3940.975,4070.5,4087.894,4344.025,-2137.894,12,34,57,97,211.05,63
40,Gulf of Panama,Contadora,BF18-1-11-198.5,BF18-1-11,198.5,40,3961,4141,4154.773,4435.1,-2204.773,11,29,51,85.25,205.025,56.25
41,Gulf of Panama,Contadora,BF18-1-11-203.5,BF18-1-11,203.5,41,3985,4207.5,4216.941,4507.075,-2266.941,10,28,45,78.25,208.075,50.25
42,Gulf of Panama,Contadora,BF18-1-11-208.5,BF18-1-11,208.5,42,4008,4277,4280.205,4583.075,-2330.205,9,27,43,76,232.05,49
43,Gulf of Panama,Contadora,BF18-1-11-213.5,BF18-1-11,213.5,43,4043.975,4349.5,4345.008,4650.025,-2395.008,9,26,46,82,234.025,56
44,Gulf of Panama,Contadora,BF18-1-11-218.5,BF18-1-11,218.5,44,4079.975,4415.5,4410.73,4718.025,-2460.73,9,27,45.5,78,228.175,51
45,Gulf of Panama,Contadora,BF18-1-11-223.5,BF18-1-11,223.5,45,4125.925,4486,4473.954,4758.1,-2523.954,10,27,44,80,217.025,53
46,Gulf of Panama,Contadora,BF18-1-11-228.5,BF18-1-11,228.5,46,4198.975,4549,4537.308,4793.025,-2587.308,9.975,28,44,76,237.05,48
47,Gulf of Panama,Contadora,BF18-1-11-233.5,BF18-1-11,233.5,47,4267.925,4626,4604.756,4819.025,-2654.756,9,28,47,84,240.05,56
48,Gulf of Panama,Contadora,BF18-1-11-238.5,BF18-1-11,238.5,48,4343.875,4693,4671.281,4838,-2721.281,9,28,48.5,86,229.05,58
49,Gulf of Panama,Contadora,BF18-1-11-243.5,BF18-1-11,243.5,49,4470.95,4775,4743.839,4853,-2793.839,10,32,55,95,220.025,63
50,Gulf of Panama,Contadora,BF18-1-11-248.5,BF18-1-11,248.5,50,4696.95,4862,4875.314,5122.125,-2925.314,17,52,97,165.25,438.175,113.25
51,Gulf of Panama,Contadora,BF18-1-11-253.5,BF18-1-11,253.5,51,4877,4999.5,5049.64,5484,-3099.64,28.975,82,137,230.5,536,148.5
52,Gulf of Panama,Contadora,BF18-1-11-258.5,BF18-1-11,258.5,52,4912,5145,5181.331,5697.1,-3231.331,21,58,106,170.25,404.05,112.25
53,Gulf of Panama,Contadora,BF18-1-11-263.5,BF18-1-11,263.5,53,4944,5265,5297.88,5844.05,-3347.88,19,51.75,86,150,391.075,98.25
54,Gulf of Panama,Contadora,BF18-1-11-268.5,BF18-1-11,268.5,54,4990.95,5393,5411.238,5957.025,-3461.238,18.975,48,78,140.25,402.025,92.25
55,Gulf of Panama,Contadora,BF18-1-11-273.5,BF18-1-11,273.5,55,5050,5514,5517.43,6084.05,-3567.43,17,45,77,137,360.025,92
56,Gulf of Panama,Contadora,BF18-1-11-278.5,BF18-1-11,278.5,56,5116.95,5622.5,5627.017,6180.025,-3677.017,16,45,77,141,343.075,96
57,Gulf of Panama,Contadora,BF18-1-11-283.5,BF18-1-11,283.5,57,5174.975,5746,5734.449,6273.025,-3784.449,16,45,77,135,389.1,90
58,Gulf of Panama,Contadora,BF18-1-11-288.5,BF18-1-11,288.5,58,5330,5861,5848.093,6338.025,-3898.093,17,46,80,145,392.025,99
59,Gulf of Panama,Contadora,BF18-1-11-293.5,BF18-1-11,293.5,59,5429.975,5983.5,5962.49,6397,-4012.49,17,47,81,149.25,378.175,102.25
60,Gulf of Panama,Contadora,BF18-1-11-298.5,BF18-1-11,298.5,60,5549.925,6098.5,6074.814,6431.05,-4124.814,18,47,79.5,145.25,390.175,98.25
61,Gulf of Panama,Contadora,BF18-1-11-303.5,BF18-1-11,303.5,61,5707.85,6220,6187.695,6461.05,-4237.695,18,47,81,144.25,368.225,97.25
62,Gulf of Panama,Contadora,BF18-1-11-308.5,BF18-1-11,308.5,62,5903.575,6359,6313.696,6490.025,-4363.696,19,55,94.5,162,411.05,107
63,Gulf of Panama,Contadora,BF18-1-11-313.5,BF18-1-11,313.5,63,6238.6,6504,6486.586,6633.075,-4536.586,24.975,71,133,233,528.025,162
64,Gulf of Panama,Contadora,BF18-1-11-318.5,BF18-1-11,318.5,64,6505.975,6555,6588.13,6861.05,-4638.13,5,29,61,134.25,411.075,105.25
65,Gulf of Panama,Contadora,BF18-1-11-323.5,BF18-1-11,323.5,65,6513,6599,6643.322,7014.35,-4693.322,3,15,33,68,230.1,53
66,Gulf of Panama,Contadora,BF18-1-11-328.5,BF18-1-11,328.5,66,6518,6646,6693.495,7175.025,-4743.495,3,14,30,64,213,50
67,Gulf of Panama,Contadora,BF18-1-11-333.5,BF18-1-11,333.5,67,6523,6688.5,6742.708,7276.175,-4792.708,3,14,28,63,215.125,49
68,Gulf of Panama,Contadora,BF18-1-11-338.5,BF18-1-11,338.5,68,6529.925,6734.5,6790.069,7378.075,-4840.069,3,13,28,61,219.025,48
69,Gulf of Panama,Contadora,BF18-1-11-343.5,BF18-1-11,343.5,69,6532.975,6780.5,6840.303,7482.375,-4890.303,3,13.75,29,60,235.025,46.25
70,Gulf of Panama,Contadora,BF18-1-11-348.5,BF18-1-11,348.5,70,6538.975,6823,6892.619,7599.15,-4942.619,3,14,30,65,222.075,51
71,Gulf of Panama,Contadora,BF18-1-11-353.5,BF18-1-11,353.5,71,6544,6880.5,6947.316,7696.075,-4997.316,3,15.75,34,69,224,53.25
72,Gulf of Panama,Contadora,BF18-1-11-358.5,BF18-1-11,358.5,72,6562,6980,7040.693,7887.125,-5090.693,6,27,59,126,354.075,99
73,Gulf of Panama,Contadora,BF18-1-11-363.5,BF18-1-11,363.5,73,6620.95,7090,7158.569,8082.05,-5208.569,15,45,83,158,409.075,113
74,Gulf of Panama,Contadora,BF18-1-12-2.5,BF18-1-12,2.5,1,-68,-68,-66.645,-61,2016.645,NA,NA,NA,NA,NA,NA
75,Gulf of Panama,Contadora,BF18-1-12-8,BF18-1-12,8,2,-65,-60,-59.334,-54,2009.334,2,6,7,8,12.025,2
76,Gulf of Panama,Contadora,BF18-1-12-13,BF18-1-12,13,3,-58,-53,-49.038,-4.925,1999.038,3,6,7,10,46.025,4
77,Gulf of Panama,Contadora,BF18-1-12-17.5,BF18-1-12,17.5,4,-51,-39,-26.901,67.025,1976.901,3.975,8,12,25,93,17
78,Gulf of Panama,Contadora,BF18-1-12-22.5,BF18-1-12,22.5,5,-47,-24,-9.725,94.075,1959.725,3,8,13,21,58.025,13
79,Gulf of Panama,Contadora,BF18-1-12-27.5,BF18-1-12,27.5,6,-43.025,-10,4.648,113.05,1945.352,3,7,12,17,46.025,10
80,Gulf of Panama,Contadora,BF18-1-12-32.5,BF18-1-12,32.5,7,-39.025,3,17.474,129.025,1932.526,2,7,11,14,39.025,7
81,Gulf of Panama,Contadora,BF18-1-12-37.5,BF18-1-12,37.5,8,-35,16,29.756,142,1920.244,2,6.75,10,14,38,7.25
82,Gulf of Panama,Contadora,BF18-1-12-42.5,BF18-1-12,42.5,9,-30.025,30,41.911,152.025,1908.089,2,6,10,14,40.025,8
83,Gulf of Panama,Contadora,BF18-1-12-47.5,BF18-1-12,47.5,10,-24.025,44,53.497,161,1896.503,2,6,9,14,39,8
84,Gulf of Panama,Contadora,BF18-1-12-52.5,BF18-1-12,52.5,11,-21,57,64.767,168.025,1885.233,2,6,9,14,41.1,8
85,Gulf of Panama,Contadora,BF18-1-12-57.5,BF18-1-12,57.5,12,-15.05,70,75.548,177.025,1874.452,2,5,9,13,36.025,8
86,Gulf of Panama,Contadora,BF18-1-12-62.5,BF18-1-12,62.5,13,-7.075,84,86.209,182,1863.791,2,5,8,14,33.025,9
87,Gulf of Panama,Contadora,BF18-1-12-67.5,BF18-1-12,67.5,14,-1,97,97.339,187.025,1852.661,2,5,9,14,39,9
88,Gulf of Panama,Contadora,BF18-1-12-72.5,BF18-1-12,72.5,15,7.975,110,108.302,193,1841.698,2,5,9,14,36.025,9
89,Gulf of Panama,Contadora,BF18-1-12-77.5,BF18-1-12,77.5,16,18.975,123,119.311,196,1830.689,2,5,9,14,36,9
90,Gulf of Panama,Contadora,BF18-1-12-82.5,BF18-1-12,82.5,17,27.975,137,130.919,199.025,1819.081,2,6,9,14,39.025,8
91,Gulf of Panama,Contadora,BF18-1-12-87.5,BF18-1-12,87.5,18,41.95,150,142.759,204,1807.241,2,6,10,14,37,8
92,Gulf of Panama,Contadora,BF18-1-12-92.5,BF18-1-12,92.5,19,53.975,164,154.427,207.025,1795.573,2,6,10,14,35,8
93,Gulf of Panama,Contadora,BF18-1-12-97.5,BF18-1-12,97.5,20,65.975,177,166.755,211,1783.245,2,6,11,15,39,9
94,Gulf of Panama,Contadora,BF18-1-12-102.5,BF18-1-12,102.5,21,83,191,180.184,214.025,1769.816,2,7,11,16,41.025,9
95,Gulf of Panama,Contadora,BF18-1-12-107.5,BF18-1-12,107.5,22,122.975,205,196.054,218,1753.946,3,7,13,19,50.025,12
96,Gulf of Panama,Contadora,BF18-1-12-112.5,BF18-1-12,112.5,23,180,220,287.635,819.275,1662.365,3.975,13,37,106.25,603.325,93.25
97,Gulf of Panama,Contadora,BF18-1-12-117.5,BF18-1-12,117.5,24,329.975,604,670.771,1455.05,1279.229,107.9,263.5,350.5,423,1008.15,159.5
98,Gulf of Panama,Contadora,BF18-1-12-122.5,BF18-1-12,122.5,25,465.8,1016.5,1030.378,1765.1,919.622,99.95,267,376.5,437.25,669.1,170.25
99,Gulf of Panama,Contadora,BF18-1-12-127.5,BF18-1-12,127.5,26,604,1422,1374.584,1979.05,575.416,95.975,253.75,367.5,424,554.1,170.25
100,Gulf of Panama,Contadora,BF18-1-12-132.5,BF18-1-12,132.5,27,804.975,1812,1737.555,2187,212.445,97.95,268,379,439.25,710.05,171.25
101,Gulf of Panama,Contadora,BF18-1-12-137,BF18-1-12,137,28,1438.775,2199.5,2132.088,2413.075,-182.088,106.925,281,345,409,1144.225,128
102,Gulf of Panama,Contadora,BF18-1-12-141.5,BF18-1-12,141.5,29,2191.95,2378.5,2415.965,2889.175,-465.965,5,106,214,384.25,964.425,278.25
103,Gulf of Panama,Contadora,BF18-1-12-146.5,BF18-1-12,146.5,30,2403.975,2545.5,2627.064,3254.25,-677.064,36.975,110,152,243,682.275,133
104,Gulf of Panama,Contadora,BF18-1-12-151.5,BF18-1-12,151.5,31,2447,2700,2774.413,3406.05,-824.413,30.975,86,145,166.25,388.025,80.25
105,Gulf of Panama,Contadora,BF18-1-12-156.5,BF18-1-12,156.5,32,2488.9,2853,2910.49,3526.125,-960.49,28,79.75,130,158,351,78.25
106,Gulf of Panama,Contadora,BF18-1-12-161.5,BF18-1-12,161.5,33,2528.975,3001,3037.275,3624.025,-1087.275,26.975,75.75,121,155,358.15,79.25
107,Gulf of Panama,Contadora,BF18-1-12-166.5,BF18-1-12,166.5,34,2590.9,3152,3158.367,3685.025,-1208.367,26,71,115,153,331.1,82
108,Gulf of Panama,Contadora,BF18-1-12-171.5,BF18-1-12,171.5,35,2652.95,3299,3279.591,3749,-1329.591,26,71,112,152,322.225,81
109,Gulf of Panama,Contadora,BF18-1-12-176.5,BF18-1-12,176.5,36,2774.975,3446.5,3401.736,3789.15,-1451.736,27,74,118,153,287.175,79
110,Gulf of Panama,Contadora,BF18-1-12-181.5,BF18-1-12,181.5,37,2904.875,3595.5,3532.509,3833.025,-1582.509,28,77,128,156,344.1,79
111,Gulf of Panama,Contadora,BF18-1-12-186.5,BF18-1-12,186.5,38,3119.95,3746,3683.572,3879,-1733.572,32,89,144.5,167,414,78
112,Gulf of Panama,Contadora,BF18-1-12-191.5,BF18-1-12,191.5,39,3591.5,3906,3872.858,3929,-1922.858,34,92.75,145,214,629.575,121.25
113,Gulf of Panama,Contadora,BF18-1-12-196.5,BF18-1-12,196.5,40,3907,3921,3922.554,3947,-1972.554,3,7,18,52,321.325,45
114,Gulf of Panama,Contadora,BF18-1-12-201.5,BF18-1-12,201.5,41,3912,3929,3929.757,3954,-1979.757,2,5,7,8,18.025,3
115,Gulf of Panama,Contadora,BF18-1-12-206.5,BF18-1-12,206.5,42,3916,3935,3936.092,3959,-1986.092,2,4,6,8,14,4
116,Gulf of Panama,Contadora,BF18-1-12-211.5,BF18-1-12,211.5,43,3919,3943,3942.348,3962,-1992.348,2,4,6,8,15,4
117,Gulf of Panama,Contadora,BF18-1-12-216.5,BF18-1-12,216.5,44,3923,3949,3948.529,3966,-1998.529,2,4,6,7,14,3
118,Gulf of Panama,Contadora,BF18-1-12-221.5,BF18-1-12,221.5,45,3928,3956,3955.012,3970,-2005.012,1,4,6,8,16,4
119,Gulf of Panama,Contadora,BF18-1-12-226.5,BF18-1-12,226.5,46,3937,3962,3962.047,3975,-2012.047,2,5,7,8,17,3
120,Gulf of Panama,Contadora,BF18-1-12-231.5,BF18-1-12,231.5,47,3955,3974,3993.189,4224.45,-2043.189,2,7,10,22.25,230.1,15.25
121,Gulf of Panama,Contadora,BF18-1-12-236.5,BF18-1-12,236.5,48,3974,4039,4112.395,4635.175,-2162.395,5,26,61.5,148,562,122
122,Gulf of Panama,Contadora,BF18-1-13-2.5,BF18-1-13,2.5,1,-68,-67,-64.328,-56,2014.328,NA,NA,NA,NA,NA,NA
123,Gulf of Panama,Contadora,BF18-1-13-7.5,BF18-1-13,7.5,2,-51,-39,-39.323,-28,1989.323,16,22,25,28,34,6
124,Gulf of Panama,Contadora,BF18-1-13-12.5,BF18-1-13,12.5,3,-24,-12,-10.985,5,1960.985,19,24,27,30,43.025,6
125,Gulf of Panama,Contadora,BF18-1-13-17.5,BF18-1-13,17.5,4,-3.025,9,14.403,103,1935.597,10,20,21,22,86.075,2
126,Gulf of Panama,Contadora,BF18-1-13-22.5,BF18-1-13,22.5,5,5.975,30,36.911,165.025,1913.089,8,20,21,21,58.025,1
127,Gulf of Panama,Contadora,BF18-1-13-27.5,BF18-1-13,27.5,6,15,51,57.825,185.1,1892.175,7.975,20,21,21.25,40.025,1.25
128,Gulf of Panama,Contadora,BF18-1-13-32.5,BF18-1-13,32.5,7,24,72,78.092,209.025,1871.908,7,20,21,21,32.025,1
129,Gulf of Panama,Contadora,BF18-1-13-37.5,BF18-1-13,37.5,8,33,93,97.916,229.075,1852.084,7,20,21,21,30,1
130,Gulf of Panama,Contadora,BF18-1-13-42.5,BF18-1-13,42.5,9,43.975,114,117.475,244.125,1832.525,7,20,21,21,27,1
131,Gulf of Panama,Contadora,BF18-1-13-47.5,BF18-1-13,47.5,10,52.975,135,137.164,257.05,1812.836,7,20,21,21,26,1
132,Gulf of Panama,Contadora,BF18-1-13-52.5,BF18-1-13,52.5,11,62,156,156.604,267.025,1793.396,6.975,20,21,21,25,1
133,Gulf of Panama,Contadora,BF18-1-13-57.5,BF18-1-13,57.5,12,70.975,177,176.115,277,1773.885,7,20,21,21,24,1
134,Gulf of Panama,Contadora,BF18-1-13-62.5,BF18-1-13,62.5,13,80,198,195.66,287.075,1754.34,7,20,21,21,25,1
135,Gulf of Panama,Contadora,BF18-1-13-67.5,BF18-1-13,67.5,14,91.95,219,215.184,298.025,1734.816,6,20,21,21,25,1
136,Gulf of Panama,Contadora,BF18-1-13-72.5,BF18-1-13,72.5,15,102.95,240,234.694,307,1715.306,6,20,21,21,26,1
137,Gulf of Panama,Contadora,BF18-1-13-77.5,BF18-1-13,77.5,16,113.975,261,254.358,314,1695.642,7,20,21,21,28,1
138,Gulf of Panama,Contadora,BF18-1-13-82.5,BF18-1-13,82.5,17,137.925,282,274.658,321.025,1675.342,6,20,21,21,31.025,1
139,Gulf of Panama,Contadora,BF18-1-13-87.5,BF18-1-13,87.5,18,168.95,302,295.524,329,1654.476,7,20,21,21,42.025,1
140,Gulf of Panama,Contadora,BF18-1-13-92.5,BF18-1-13,92.5,19,216.975,323,317.847,337,1632.153,7,20,21,21,54,1
141,Gulf of Panama,Contadora,BF18-1-13-97.5,BF18-1-13,97.5,20,328.975,345,348.513,372,1601.487,10,21,23,32,115.05,11
142,Gulf of Panama,Contadora,BF18-1-13-102.5,BF18-1-13,102.5,21,375,403,404.784,466.025,1545.216,32.975,50,55,58,105.125,8
143,Gulf of Panama,Contadora,BF18-1-13-107.5,BF18-1-13,107.5,22,418.975,461,462.859,543.025,1487.141,33.975,55,58,61,74,6
144,Gulf of Panama,Contadora,BF18-1-13-112.5,BF18-1-13,112.5,23,459.95,520,519.609,583.025,1430.391,29.95,55,58,61,67,6
145,Gulf of Panama,Contadora,BF18-1-13-117.5,BF18-1-13,117.5,24,508.95,578,576.322,622.05,1373.678,28,55,58,61,68,6
146,Gulf of Panama,Contadora,BF18-1-13-122.5,BF18-1-13,122.5,25,596.95,637,634.121,665,1315.879,30.975,55,58,61,69,6
147,Gulf of Panama,Contadora,BF18-1-13-127.5,BF18-1-13,127.5,26,668,725.5,863.642,1384.2,1086.358,47,56,97,392.5,731.125,336.5
148,Gulf of Panama,Contadora,BF18-1-13-132.5,BF18-1-13,132.5,27,1728,2392,2280.914,2560.05,-330.914,957.925,1193,1396,1702.5,1849.025,509.5
149,Gulf of Panama,Contadora,BF18-1-13-137.5,BF18-1-13,137.5,28,2463,2599.5,2623.137,2896.075,-673.137,37,148,285.5,500.5,852.025,352.5
150,Gulf of Panama,Contadora,BF18-1-13-142.5,BF18-1-13,142.5,29,2493.975,2768,2806.173,3323.05,-856.173,27,94,164,254.25,442.075,160.25
151,Gulf of Panama,Contadora,BF18-1-13-147.5,BF18-1-13,147.5,30,2538,2962.5,3004.701,3701.25,-1054.701,33.975,127,193.5,255.25,425.05,128.25
152,Gulf of Panama,Contadora,BF18-1-13-152.5,BF18-1-13,152.5,31,2864.9,3261.5,3286.486,3836.1,-1336.486,113.95,236,281,327,424.1,91
153,Gulf of Panama,Contadora,BF18-1-13-157.5,BF18-1-13,157.5,32,3236,3572.5,3581.888,3958.075,-1631.888,105.975,233,300,357.25,457.125,124.25
154,Gulf of Panama,Contadora,BF18-1-13-162.5,BF18-1-13,162.5,33,3622.825,3890,3875.744,4089.025,-1925.744,103.95,232,300,356.25,458.075,124.25
155,Gulf of Panama,Contadora,BF18-1-13-167.5,BF18-1-13,167.5,34,4017.975,4174,4146.418,4209.025,-2196.418,101.95,208,271,326,430.025,118
156,Gulf of Panama,Contadora,BF18-1-13-172.5,BF18-1-13,172.5,35,4208,4238,4238.259,4271,-2288.259,48,56,65,114,201,58
157,Gulf of Panama,Contadora,BF18-1-13-177.5,BF18-1-13,177.5,36,4268.975,4297,4297.503,4331,-2347.503,35.975,54.75,59,64.25,75,9.5
158,Gulf of Panama,Contadora,BF18-1-13-182.5,BF18-1-13,182.5,37,4326.975,4357,4356.713,4390,-2406.713,35.975,55,59,65,75,10
159,Gulf of Panama,Contadora,BF18-1-13-187.5,BF18-1-13,187.5,38,4384,4415,4415.59,4451,-2465.59,42,53,56,61,84.075,8
160,Gulf of Panama,Contadora,BF18-1-13-192.5,BF18-1-13,192.5,39,4426,4453,4463.003,4618.675,-2513.003,17,37,39,43.25,157,6.25
161,Gulf of Panama,Contadora,BF18-1-13-197.5,BF18-1-13,197.5,40,4450.975,4490,4502.29,4705.15,-2552.29,14.975,36,37,38.25,97,2.25
162,Gulf of Panama,Contadora,BF18-1-13-202.5,BF18-1-13,202.5,41,4467.975,4528,4540.307,4780.05,-2590.307,14.975,36,37,38,77,2
163,Gulf of Panama,Contadora,BF18-1-13-207.5,BF18-1-13,207.5,42,4484,4565,4577.261,4820.325,-2627.261,14,36,37,38,64,2
164,Gulf of Panama,Contadora,BF18-1-13-212.5,BF18-1-13,212.5,43,4500,4603,4613.558,4875.075,-2663.558,13,36,37,38,54.025,2
165,Gulf of Panama,Contadora,BF18-1-13-217.5,BF18-1-13,217.5,44,4515.925,4641,4649.246,4899.075,-2699.246,13,36,37,38,49.025,2
166,Gulf of Panama,Contadora,BF18-1-13-222.5,BF18-1-13,222.5,45,4531.925,4678,4684.218,4916.025,-2734.218,13,36,37,38,45.025,2
167,Gulf of Panama,Contadora,BF18-1-13-227.5,BF18-1-13,227.5,46,4547,4716,4718.794,4953.075,-2768.794,12.975,35,37,38,44,3
168,Gulf of Panama,Contadora,BF18-1-13-232.5,BF18-1-13,232.5,47,4563.95,4753,4753.13,4967.05,-2803.13,12,35,37,38,43.025,3
169,Gulf of Panama,Contadora,BF18-1-13-237.5,BF18-1-13,237.5,48,4584.925,4791,4787.589,4981.05,-2837.589,12,35,37,38,44.025,3
170,Gulf of Panama,Contadora,BF18-1-13-242.5,BF18-1-13,242.5,49,4607.9,4829,4822.336,4995.025,-2872.336,11.975,36,37,38,47.025,2
171,Gulf of Panama,Contadora,BF18-1-13-247.5,BF18-1-13,247.5,50,4635,4866,4857.12,5009.025,-2907.12,12,36,37,38,47,2
172,Gulf of Panama,Contadora,BF18-1-13-252.5,BF18-1-13,252.5,51,4659.825,4904,4892.275,5023.025,-2942.275,12,36,37,38,50.025,2
173,Gulf of Panama,Contadora,BF18-1-13-257.5,BF18-1-13,257.5,52,4680.95,4941,4928.237,5038,-2978.237,12,36,37,38,64.025,2
174,Gulf of Panama,Contadora,BF18-1-13-262.5,BF18-1-13,262.5,53,4735,4979,4965.023,5052.025,-3015.023,12.975,36,37,38,70,2
175,Gulf of Panama,Contadora,BF18-1-13-267.5,BF18-1-13,267.5,54,4791.925,5016,5002.853,5066,-3052.853,12,36,37,38,80.025,2
176,Gulf of Panama,Contadora,BF18-1-13-272.5,BF18-1-13,272.5,55,4876.975,5053,5043.257,5084,-3093.257,13,36,37,39,105.025,3
177,Gulf of Panama,Contadora,BF18-1-13-277.5,BF18-1-13,277.5,56,5050,5089,5091.13,5152.025,-3141.13,14,31,36,38,189.1,7
178,Gulf of Panama,Contadora,BF18-1-13-283,BF18-1-13,283,57,5077.975,5105,5146.488,5575.7,-3196.488,1,8,19,47,372.175,39
179,Gulf of Panama,Contadora,BF18-1-14-2.5,BF18-1-14,2.5,1,-68,-67,-62.108,-23.975,2012.108,NA,NA,NA,NA,NA,NA
180,Gulf of Panama,Contadora,BF18-1-14-7.5,BF18-1-14,7.5,2,-62.025,-45,-31.945,84.025,1981.945,5,14,21,29,121.05,15
181,Gulf of Panama,Contadora,BF18-1-14-12.5,BF18-1-14,12.5,3,-55.025,-22,-8.286,108.05,1958.286,5,14,22,25,66.025,11
182,Gulf of Panama,Contadora,BF18-1-14-17.5,BF18-1-14,17.5,4,-49.025,0,12.219,123.025,1937.781,5,13,21,23,48,10
183,Gulf of Panama,Contadora,BF18-1-14-22.5,BF18-1-14,22.5,5,-43.025,23,31.383,136,1918.617,4,11,20,23,45,12
184,Gulf of Panama,Contadora,BF18-1-14-27.5,BF18-1-14,27.5,6,-37,45,49.667,150,1900.333,4,11,19,23,42,12
185,Gulf of Panama,Contadora,BF18-1-14-32.5,BF18-1-14,32.5,7,-28,67,67.98,160,1882.02,4,11,18,23,44,12
186,Gulf of Panama,Contadora,BF18-1-14-37.5,BF18-1-14,37.5,8,-18,89,86.398,169.025,1863.602,4,11,18,23,47.025,12
187,Gulf of Panama,Contadora,BF18-1-14-42.5,BF18-1-14,42.5,9,-8.025,111.5,104.854,177,1845.146,5,11,19,23,50,12
188,Gulf of Panama,Contadora,BF18-1-14-47.5,BF18-1-14,47.5,10,10,133,124.072,185,1825.928,5,12,20,23,44.025,11
189,Gulf of Panama,Contadora,BF18-1-14-52.5,BF18-1-14,52.5,11,39.95,156,145.175,192,1804.825,5,12,21,23,58,11
190,Gulf of Panama,Contadora,BF18-1-14-57.5,BF18-1-14,57.5,12,68.975,179,168.841,198,1781.159,5,14,22,26,62.05,12
191,Gulf of Panama,Contadora,BF18-1-14-62.5,BF18-1-14,62.5,13,164.925,203,238.862,512.225,1711.138,7,22,37,71,359.1,49
192,Gulf of Panama,Contadora,BF18-1-14-67.5,BF18-1-14,67.5,14,235.975,355.5,466.301,1341.1,1483.699,35,88,140,259.25,930.25,171.25
193,Gulf of Panama,Contadora,BF18-1-14-72.5,BF18-1-14,72.5,15,272.975,502.5,635.365,1620.025,1314.635,33,83,142,190.25,578.075,107.25
194,Gulf of Panama,Contadora,BF18-1-14-77.5,BF18-1-14,77.5,16,309.95,646.5,774.985,1760.075,1175.015,30,75,129,153.25,387.025,78.25
195,Gulf of Panama,Contadora,BF18-1-14-82.5,BF18-1-14,82.5,17,343.975,791,898.933,1907.3,1051.067,27,66,110.5,148,340,82
196,Gulf of Panama,Contadora,BF18-1-14-87.5,BF18-1-14,87.5,18,379.95,936.5,1014.725,1976.05,935.275,27,63,106,147,312.3,84
197,Gulf of Panama,Contadora,BF18-1-14-92.5,BF18-1-14,92.5,19,424.95,1079,1130.39,2028.05,819.61,25,62,102,146,338.15,84
198,Gulf of Panama,Contadora,BF18-1-14-97.5,BF18-1-14,97.5,20,473.95,1221,1244.962,2101.2,705.038,23,62,101,145,320.075,83
199,Gulf of Panama,Contadora,BF18-1-14-102.5,BF18-1-14,102.5,21,522.775,1365,1361.869,2167.05,588.131,23.975,62,102,146,323.725,84
200,Gulf of Panama,Contadora,BF18-1-14-107.5,BF18-1-14,107.5,22,569.85,1510.5,1478.547,2232.075,471.453,25,62,100,146,353.125,84
201,Gulf of Panama,Contadora,BF18-1-14-112.5,BF18-1-14,112.5,23,643.5,1654,1596.26,2286.2,353.74,25,62.75,101,146,353.15,83.25
202,Gulf of Panama,Contadora,BF18-1-14-117.5,BF18-1-14,117.5,24,725.925,1794.5,1714.925,2334.025,235.075,26,64,102,146,326.3,82
203,Gulf of Panama,Contadora,BF18-1-14-122.5,BF18-1-14,122.5,25,853.975,1934,1842.199,2387.15,107.801,26.975,69,108,148,387.275,79
204,Gulf of Panama,Contadora,BF18-1-14-127.5,BF18-1-14,127.5,26,1009.9,2079,1976.514,2425.025,-26.514,28,72,118,151,394.025,79
205,Gulf of Panama,Contadora,BF18-1-14-132.5,BF18-1-14,132.5,27,1180.95,2231,2120.958,2462.025,-170.958,28,78,134,163.25,428.075,85.25
206,Gulf of Panama,Contadora,BF18-1-14-137.5,BF18-1-14,137.5,28,1531.8,2377,2286.896,2499.025,-336.896,30,84,142,189.25,501.35,105.25
207,Gulf of Panama,Contadora,BF18-1-14-142.5,BF18-1-14,142.5,29,2171.775,2528,2558.005,3188.35,-608.005,42,117.75,170,317.25,1127.275,199.5
208,Gulf of Panama,Contadora,BF18-1-14-147.5,BF18-1-14,147.5,30,2593.95,2800,2935.846,4029.025,-985.846,67,199,262,409,1431.2,210
209,Gulf of Panama,Contadora,BF18-1-14-152.5,BF18-1-14,152.5,31,2665.95,3070,3206.531,4350.45,-1256.531,65.975,167,262,288,747.15,121
210,Gulf of Panama,Contadora,BF18-1-14-157.5,BF18-1-14,157.5,32,2733.95,3341.5,3445.725,4617.075,-1495.725,60.975,151,251,278,579.225,127
211,Gulf of Panama,Contadora,BF18-1-14-162.5,BF18-1-14,162.5,33,2815.975,3610,3662.308,4732.075,-1712.308,56.975,137.75,225,274,431.1,136.25
212,Gulf of Panama,Contadora,BF18-1-14-167.5,BF18-1-14,167.5,34,2909.625,3880.5,3884.272,4828,-1934.272,55.975,135,220.5,273,547.05,138
213,Gulf of Panama,Contadora,BF18-1-14-172.5,BF18-1-14,172.5,35,3013.55,4149.5,4106.936,4948.2,-2156.936,55.975,135.75,218.5,273,537.5,137.25
214,Gulf of Panama,Contadora,BF18-1-14-177.5,BF18-1-14,177.5,36,3152,4408.5,4331.826,5028.025,-2381.826,55.975,139,225,274,488.2,135
215,Gulf of Panama,Contadora,BF18-1-14-182.5,BF18-1-14,182.5,37,3328,4679,4567.996,5097.175,-2617.996,58,146.75,252,278,547.025,131.25
216,Gulf of Panama,Contadora,BF18-1-14-187.5,BF18-1-14,187.5,38,3753.9,4957,4840.324,5178.05,-2890.324,61.975,168,262,289,746.45,121
217,Gulf of Panama,Contadora,BF18-1-14-192.5,BF18-1-14,192.5,39,4649.825,5229,5172.018,5254,-3222.018,57,167.5,254,348.5,1238.025,181
218,Gulf of Panama,Contadora,BF18-1-14-197.5,BF18-1-14,197.5,40,5228,5245,5243.906,5274,-3293.906,2,6,17,71.25,591.55,65.25
219,Gulf of Panama,Contadora,BF18-1-14-202.5,BF18-1-14,202.5,41,5233,5251,5250.384,5282,-3300.384,1,4,5,7,20,3
220,Gulf of Panama,Contadora,BF18-1-14-207.5,BF18-1-14,207.5,42,5235,5256,5255.792,5285.025,-3305.792,1,3,5,6,13,3
221,Gulf of Panama,Contadora,BF18-1-14-212.5,BF18-1-14,212.5,43,5237.975,5262,5260.858,5289,-3310.858,1,3,5,6,13,3
222,Gulf of Panama,Contadora,BF18-1-14-217.5,BF18-1-14,217.5,44,5241.975,5267,5265.745,5292.025,-3315.745,1,3,5,6,12,3
223,Gulf of Panama,Contadora,BF18-1-14-222.5,BF18-1-14,222.5,45,5243.975,5272,5270.669,5296,-3320.669,1,3,5,6,12.025,3
224,Gulf of Panama,Contadora,BF18-1-14-227.5,BF18-1-14,227.5,46,5247,5278,5275.638,5298,-3325.638,1,3,5,6,12,3
225,Gulf of Panama,Contadora,BF18-1-14-232.5,BF18-1-14,232.5,47,5251,5283,5281.002,5300,-3331.002,1,3,5,6,16.025,3
226,Gulf of Panama,Contadora,BF18-1-14-237.5,BF18-1-14,237.5,48,5254.975,5288,5286.425,5303.025,-3336.425,1,3,5,6,15,3
227,Gulf of Panama,Contadora,BF18-1-14-242.5,BF18-1-14,242.5,49,5263,5294,5292.66,5308,-3342.66,1,3,5,7,19.025,4
228,Gulf of Panama,Contadora,BF18-1-14-247.5,BF18-1-14,247.5,50,5285,5305,5339.469,5651.325,-3389.469,2,5,10,31,359.125,26
229,Gulf of Panama,Saboga,AT19-1-1-2.5,AT19-1-1,2.5,1,-69,-68,-66.128,-51.975,2016.128,NA,NA,NA,NA,NA,NA
230,Gulf of Panama,Saboga,AT19-1-1-7.5,AT19-1-1,7.5,2,-66,-57,-50.426,16,2000.426,3,7.75,11,13,74.05,5.25
231,Gulf of Panama,Saboga,AT19-1-1-12.5,AT19-1-1,12.5,3,-62,-46,-37.476,44,1987.476,3,8,11,12,39.025,4
232,Gulf of Panama,Saboga,AT19-1-1-17.5,AT19-1-1,17.5,4,-58,-35,-26.091,54,1976.091,3,7,11,12,30,5
233,Gulf of Panama,Saboga,AT19-1-1-22.5,AT19-1-1,22.5,5,-55,-23,-15.597,62.025,1965.597,3,7,11,12,25,5
234,Gulf of Panama,Saboga,AT19-1-1-27.5,AT19-1-1,27.5,6,-51,-12,-5.645,68.05,1955.645,3,7,11,12,22.025,5
235,Gulf of Panama,Saboga,AT19-1-1-32.5,AT19-1-1,32.5,7,-47,-1,4.125,76.025,1945.875,2.975,6,11,11,21,5
236,Gulf of Panama,Saboga,AT19-1-1-37.5,AT19-1-1,37.5,8,-43.025,11,13.833,85,1936.167,2,6,11,11,21.025,5
237,Gulf of Panama,Saboga,AT19-1-1-42.5,AT19-1-1,42.5,9,-38.025,22,23.166,89,1926.834,2.975,6,11,11,18,5
238,Gulf of Panama,Saboga,AT19-1-1-47.5,AT19-1-1,47.5,10,-33,33,32.473,93.025,1917.527,2,6,10,11,17,5
239,Gulf of Panama,Saboga,AT19-1-1-52.5,AT19-1-1,52.5,11,-29.025,44,41.786,97,1908.214,2,6,10,11,16,5
240,Gulf of Panama,Saboga,AT19-1-1-57.5,AT19-1-1,57.5,12,-21.025,55,51.258,101,1898.742,2.975,6,10,11,18.025,5
241,Gulf of Panama,Saboga,AT19-1-1-62.5,AT19-1-1,62.5,13,-16,67,60.904,105,1889.096,2,6,11,11.25,18,5.25
242,Gulf of Panama,Saboga,AT19-1-1-67.5,AT19-1-1,67.5,14,-7.025,78,70.972,109,1879.028,3,6,11,12,22,6
243,Gulf of Panama,Saboga,AT19-1-1-72.5,AT19-1-1,72.5,15,3,89,81.399,112.025,1868.601,3,7,11,12,23,5
244,Gulf of Panama,Saboga,AT19-1-1-77.5,AT19-1-1,77.5,16,16.975,100,92.624,116,1857.376,3,7,11,12,28,5
245,Gulf of Panama,Saboga,AT19-1-1-82.5,AT19-1-1,82.5,17,33,112,105.013,120,1844.987,3,8,11,12,37,4
246,Gulf of Panama,Saboga,AT19-1-1-87.5,AT19-1-1,87.5,18,97,125,159.93,364.225,1790.07,4,11,25,62.25,245.325,51.25
247,Gulf of Panama,Saboga,AT19-1-1-92.5,AT19-1-1,92.5,19,167.975,322,376.677,1038.9,1573.323,46.975,130,183,230,709.1,100
248,Gulf of Panama,Saboga,AT19-1-1-97.5,AT19-1-1,97.5,20,230.925,536,586.788,1366.55,1363.212,57.95,148.75,205,240,538,91.25
249,Gulf of Panama,Saboga,AT19-1-1-102.5,AT19-1-1,102.5,21,294.95,752.5,774.808,1582.45,1175.192,54.975,136,196,230,365.175,94
250,Gulf of Panama,Saboga,AT19-1-1-107.5,AT19-1-1,107.5,22,356.9,962.5,952.023,1745.7,997.977,49.95,124.75,186,223,273,98.25
251,Gulf of Panama,Saboga,AT19-1-1-112.5,AT19-1-1,112.5,23,433.85,1166,1127.572,1848.375,822.428,45,123,186,223,269.025,100
252,Gulf of Panama,Saboga,AT19-1-1-117.5,AT19-1-1,117.5,24,508.975,1376,1309.245,1957.3,640.755,50.925,131,192,227,326.175,96
253,Gulf of Panama,Saboga,AT19-1-1-122.5,AT19-1-1,122.5,25,611.975,1589.5,1496.996,2078,453.004,46.975,133.75,196,230,353.425,96.25
254,Gulf of Panama,Saboga,AT19-1-1-127.5,AT19-1-1,127.5,26,696.85,1799,1693.683,2212.15,256.317,48,145,201,234,430.1,89
255,Gulf of Panama,Saboga,AT19-1-1-132.5,AT19-1-1,132.5,27,857.25,2027.5,1917.574,2375.025,32.426,59.975,151,189,232,726.075,81
256,Gulf of Panama,Saboga,AT19-1-1-137.5,AT19-1-1,137.5,28,1209.725,2152,2049.44,2402.025,-99.44,13,57.75,104,166,471.175,108.25
257,Gulf of Panama,Saboga,AT19-1-1-142.5,AT19-1-1,142.5,29,1513.7,2225.5,2146.675,2412.05,-196.675,9,40,69,129.25,319,89.25
258,Gulf of Panama,Saboga,AT19-1-1-147.5,AT19-1-1,147.5,30,1805.975,2297.5,2240.939,2426,-290.939,8,40,68,126,315.1,86
259,Gulf of Panama,Saboga,AT19-1-1-152.5,AT19-1-1,152.5,31,2090.8,2372,2337.62,2437,-387.62,9.975,41,69,127,319.075,86
260,Gulf of Panama,Saboga,AT19-1-1-157.5,AT19-1-1,157.5,32,2364.975,2445,2437.874,2492,-487.874,12,43,70,126,331.025,83
261,Gulf of Panama,Saboga,AT19-1-1-162.5,AT19-1-1,162.5,33,2452,2482,2492.165,2602.2,-542.165,9,27,43,65,168.175,38
262,Gulf of Panama,Saboga,AT19-1-1-167.5,AT19-1-1,167.5,34,2461,2520,2531.037,2667.05,-581.037,6,21,34,52,94,31
263,Gulf of Panama,Saboga,AT19-1-1-172.5,AT19-1-1,172.5,35,2468,2555,2568.088,2722.025,-618.088,6,20,33,50,86.025,30
264,Gulf of Panama,Saboga,AT19-1-1-177.5,AT19-1-1,177.5,36,2476,2587,2604.381,2802.125,-654.381,6,19,32,48.25,88,29.25
265,Gulf of Panama,Saboga,AT19-1-1-182.5,AT19-1-1,182.5,37,2483,2621,2640.24,2882.075,-690.24,6,19,32,48,86.025,29
266,Gulf of Panama,Saboga,AT19-1-1-187.5,AT19-1-1,187.5,38,2493,2656,2676.336,2961.05,-726.336,6,20,33,48,85.025,28
267,Gulf of Panama,Saboga,AT19-1-1-192.5,AT19-1-1,192.5,39,2508.95,2692.5,2716.772,3045,-766.772,7,21,35.5,53,96.025,32
268,Gulf of Panama,Saboga,AT19-1-1-197.5,AT19-1-1,197.5,40,2529,2743,2769.048,3134.075,-819.048,8,28,41,57,213.025,29
269,Gulf of Panama,Saboga,AT19-1-1-202.5,AT19-1-1,202.5,41,2589.975,2815.5,2835.916,3177.075,-885.916,18,42,54,70,221,28
270,Gulf of Panama,Saboga,AT19-1-1-207.5,AT19-1-1,207.5,42,2646.9,2876.5,2892.991,3198.1,-942.991,13,38,55,70,132.025,32
271,Gulf of Panama,Saboga,AT19-1-1-212.5,AT19-1-1,212.5,43,2701,2933,2945.462,3215.1,-995.462,12,35,52,66,107.075,31
272,Gulf of Panama,Saboga,AT19-1-1-217.5,AT19-1-1,217.5,44,2749.95,2987,2995.443,3233.05,-1045.443,12,33,49,64,87.025,31
273,Gulf of Panama,Saboga,AT19-1-1-222.5,AT19-1-1,222.5,45,2777.95,3042,3044.126,3252,-1094.126,13,33,49,63,84,30
274,Gulf of Panama,Saboga,AT19-1-1-227.5,AT19-1-1,227.5,46,2816.95,3101,3093.27,3268,-1143.27,13,33,49,64,87,31
275,Gulf of Panama,Saboga,AT19-1-1-232.5,AT19-1-1,232.5,47,2852,3159,3143.826,3283,-1193.826,12,34,51,64,92,30
276,Gulf of Panama,Saboga,AT19-1-1-237.5,AT19-1-1,237.5,48,2931.775,3216,3196.359,3301,-1246.359,13,36,52,66,106.025,30
277,Gulf of Panama,Saboga,AT19-1-1-242.5,AT19-1-1,242.5,49,3027.85,3274.5,3254.65,3318,-1304.65,13,38,54,69,160.1,31
278,Gulf of Panama,Saboga,AT19-1-1-247.5,AT19-1-1,247.5,50,3260.975,3328,3322.098,3358,-1372.098,15,38,53,70,244.1,32
279,Gulf of Panama,Saboga,AT19-1-1-252.5,AT19-1-1,252.5,51,3334,3349,3354.294,3424.075,-1404.294,7,18,22,34,106.025,16
280,Gulf of Panama,Saboga,AT19-1-1-257.5,AT19-1-1,257.5,52,3343.975,3368,3373.499,3448.025,-1423.499,6,16,19,21,45,5
281,Gulf of Panama,Saboga,AT19-1-1-262.5,AT19-1-1,262.5,53,3351.975,3388,3391.459,3463,-1441.459,5.975,15,19,20,35,5
282,Gulf of Panama,Saboga,AT19-1-1-267.5,AT19-1-1,267.5,54,3358.975,3407,3408.503,3471.025,-1458.503,5,13,19,20,27,7
283,Gulf of Panama,Saboga,AT19-1-1-272.5,AT19-1-1,272.5,55,3366,3427,3425.374,3482,-1475.374,5,14,19,20,24.025,6
284,Gulf of Panama,Saboga,AT19-1-1-277.5,AT19-1-1,277.5,56,3375,3446,3442.31,3489.025,-1492.31,5,14,19,20,26.025,6
285,Gulf of Panama,Saboga,AT19-1-1-282.5,AT19-1-1,282.5,57,3386.975,3465,3459.876,3497,-1509.876,5,15,19,20,31,5
286,Gulf of Panama,Saboga,AT19-1-1-287.5,AT19-1-1,287.5,58,3408,3484,3479.496,3505,-1529.496,5,17,19,21,46.025,4
287,Gulf of Panama,Saboga,AT19-1-1-292.5,AT19-1-1,292.5,59,3476.975,3508,3521.633,3604.05,-1571.633,8,19,26,48,144.125,29
288,Gulf of Panama,Saboga,AT19-1-1-297.5,AT19-1-1,297.5,60,3543.975,3625,3659.607,4129.2,-1709.607,39.975,88,114,122,498.875,34
289,Gulf of Panama,Saboga,AT19-1-1-302.5,AT19-1-1,302.5,61,3589,3746,3781.762,4267.05,-1831.762,36.95,106,119,126,276.025,20
290,Gulf of Panama,Saboga,AT19-1-1-307.5,AT19-1-1,307.5,62,3636.95,3867,3895.16,4356.075,-1945.16,36.975,96.75,118,124,225.025,27.25
291,Gulf of Panama,Saboga,AT19-1-1-312.5,AT19-1-1,312.5,63,3681.9,3986,4002.598,4433.05,-2052.598,34,87,117,123,181.1,36
292,Gulf of Panama,Saboga,AT19-1-1-317.5,AT19-1-1,317.5,64,3738.95,4105,4108.061,4490.125,-2158.061,34,85,117,123,156.1,38
293,Gulf of Panama,Saboga,AT19-1-1-322.5,AT19-1-1,322.5,65,3793.85,4224.5,4212.918,4536.025,-2262.918,33,85,116,122,160.075,37
294,Gulf of Panama,Saboga,AT19-1-1-327.5,AT19-1-1,327.5,66,3864.875,4346.5,4320.222,4585,-2370.222,34,86,117,123,182.025,37
295,Gulf of Panama,Saboga,AT19-1-1-332.5,AT19-1-1,332.5,67,3950.7,4468,4433.084,4628.05,-2483.084,34,91,118,124,235,33
296,Gulf of Panama,Saboga,AT19-1-1-337.5,AT19-1-1,337.5,68,4108.875,4589,4554.677,4675.025,-2604.677,36,104,119,126,291.1,22
297,Gulf of Panama,Saboga,AT19-1-1-342.5,AT19-1-1,342.5,69,4590.9,4704,4702.394,4865.075,-2752.394,40.975,95,116,129,529.2,34
298,Gulf of Panama,Saboga,AT19-1-1-347.5,AT19-1-1,347.5,70,4703,4744,4802.227,5265,-2852.227,3,25,53,110.5,485.025,85.5
299,Gulf of Panama,Saboga,AT19-1-1-352.5,AT19-1-1,352.5,71,4706,4779.5,4863.242,5470.025,-2913.242,1,13,31,77,296.025,64
300,Gulf of Panama,Saboga,AT19-1-1-357.5,AT19-1-1,357.5,72,4709,4815.5,4913.506,5605.025,-2963.506,1,12,29,63,224.075,51
301,Gulf of Panama,Saboga,AT19-1-1-362.5,AT19-1-1,362.5,73,4712,4849,4959.605,5738.25,-3009.605,1.975,12,27,56,215.025,44
302,Gulf of Panama,Saboga,AT19-1-1-367.5,AT19-1-1,367.5,74,4713,4884,5001.897,5841.15,-3051.897,1,11,25,54,189.15,43
303,Gulf of Panama,Saboga,AT19-1-1-372.5,AT19-1-1,372.5,75,4715,4918.5,5045.086,5952.625,-3095.086,1,11,24,49.25,207.05,38.25
304,Gulf of Panama,Saboga,AT19-1-2-2.5,AT19-1-2,2.5,1,-69,-68,-67.912,-65,2017.912,NA,NA,NA,NA,NA,NA
305,Gulf of Panama,Saboga,AT19-1-2-7.5,AT19-1-2,7.5,2,-67,-64,-63.891,-54,2013.891,1,3,4,4,12,1
306,Gulf of Panama,Saboga,AT19-1-2-12.5,AT19-1-2,12.5,3,-66,-61,-60.166,-51,2010.166,1,3,4,4,7,1
307,Gulf of Panama,Saboga,AT19-1-2-17.5,AT19-1-2,17.5,4,-64,-57,-56.633,-49,2006.633,1,3,4,4,5,1
308,Gulf of Panama,Saboga,AT19-1-2-22.5,AT19-1-2,22.5,5,-62,-53,-53.086,-48,2003.086,1,3,4,4,5,1
309,Gulf of Panama,Saboga,AT19-1-2-27.5,AT19-1-2,27.5,6,-59,-49,-49.364,-45,1999.364,1,3,4,4,7,1
310,Gulf of Panama,Saboga,AT19-1-2-32.5,AT19-1-2,32.5,7,-49.025,-45,-42.304,-14.95,1992.304,2,4,4,6,31,2
311,Gulf of Panama,Saboga,AT19-1-2-37.5,AT19-1-2,37.5,8,-43,-34,-24.643,64,1974.643,3,7,10,17,78.1,10
312,Gulf of Panama,Saboga,AT19-1-2-42.5,AT19-1-2,42.5,9,-41,-23,-10.35,94,1960.35,2,7,10,15,49,8
313,Gulf of Panama,Saboga,AT19-1-2-47.5,AT19-1-2,47.5,10,-38,-13,1.89,111.05,1948.11,2,7,10,12,39.025,5
314,Gulf of Panama,Saboga,AT19-1-2-52.5,AT19-1-2,52.5,11,-34.025,-3,12.623,119,1937.377,2,6,10,11,30.025,5
315,Gulf of Panama,Saboga,AT19-1-2-57.5,AT19-1-2,57.5,12,-31.025,8,22.711,128.1,1927.289,2,6,10,11,28.025,5
316,Gulf of Panama,Saboga,AT19-1-2-62.5,AT19-1-2,62.5,13,-28.025,18,32.34,138.025,1917.66,2,5,9,11,27.025,6
317,Gulf of Panama,Saboga,AT19-1-2-67.5,AT19-1-2,67.5,14,-25,28,42.308,143.025,1907.692,2,5,9,11,27,6
318,Gulf of Panama,Saboga,AT19-1-2-72.5,AT19-1-2,72.5,15,-21.025,38,51.298,147,1898.702,2,5,8,11,25.025,6
319,Gulf of Panama,Saboga,AT19-1-2-77.5,AT19-1-2,77.5,16,-17.025,49,60.713,150.05,1889.287,2,5,8,11,28,6
320,Gulf of Panama,Saboga,AT19-1-2-82.5,AT19-1-2,82.5,17,-13.025,60,70.156,155.075,1879.844,2,5,8,11,28.025,6
321,Gulf of Panama,Saboga,AT19-1-2-87.5,AT19-1-2,87.5,18,-8.025,70,79.652,157.075,1870.348,2,5,8,11,28,6
322,Gulf of Panama,Saboga,AT19-1-2-92.5,AT19-1-2,92.5,19,-3,80,89.01,161.025,1860.99,2,5,8,10.25,25,5.25
323,Gulf of Panama,Saboga,AT19-1-2-97.5,AT19-1-2,97.5,20,1.975,90.5,98.134,167,1851.866,2,5,9,10,26.025,5
324,Gulf of Panama,Saboga,AT19-1-2-102.5,AT19-1-2,102.5,21,6,101,107.723,169,1842.277,2,5,8,10,28.05,5
325,Gulf of Panama,Saboga,AT19-1-2-107.5,AT19-1-2,107.5,22,15,111,117.019,171,1832.981,2,5,9,10,27.025,5
326,Gulf of Panama,Saboga,AT19-1-2-112.5,AT19-1-2,112.5,23,20,121,126.219,173,1823.781,2,5,9,11,24,6
327,Gulf of Panama,Saboga,AT19-1-2-117.5,AT19-1-2,117.5,24,24.975,132,135.689,175,1814.311,2,5,9,11,24,6
328,Gulf of Panama,Saboga,AT19-1-2-122.5,AT19-1-2,122.5,25,35,142,145.92,177,1804.08,2,6,10,11,28.025,5
329,Gulf of Panama,Saboga,AT19-1-2-127.5,AT19-1-2,127.5,26,53.925,153,156.865,179,1793.135,2,6,10,11,34.025,5
330,Gulf of Panama,Saboga,AT19-1-2-132.5,AT19-1-2,132.5,27,72.975,163,168.86,181,1781.14,2,6,10,11,41,5
331,Gulf of Panama,Saboga,AT19-1-2-137.5,AT19-1-2,137.5,28,105.95,173,182.358,183,1767.642,2,7,10,14,45.025,7
332,Gulf of Panama,Saboga,AT19-1-2-142.5,AT19-1-2,142.5,29,164,187,255.401,488.775,1694.599,3,10,35,107,286,97
333,Gulf of Panama,Saboga,AT19-1-2-147.5,AT19-1-2,147.5,30,292.975,630,672.783,1379.275,1277.217,91.975,275,398.5,540,843.05,265
334,Gulf of Panama,Saboga,AT19-1-2-152.5,AT19-1-2,152.5,31,422.9,1122,1121.04,1806.175,828.96,96,292,453.5,592,815.075,300
335,Gulf of Panama,Saboga,AT19-1-2-157.5,AT19-1-2,157.5,32,624.975,1618.5,1565.827,2260.125,384.173,141.925,310,433,556,893.2,246
336,Gulf of Panama,Saboga,AT19-1-2-162.5,AT19-1-2,162.5,33,926.9,1839.5,1764.804,2327.025,185.196,19,95,179,246,664.025,151
337,Gulf of Panama,Saboga,AT19-1-2-167.5,AT19-1-2,167.5,34,1172,1953.5,1891.739,2343.025,58.261,14,55,107,180,322.025,125
338,Gulf of Panama,Saboga,AT19-1-2-172.5,AT19-1-2,172.5,35,1423.975,2064,2012.133,2360.025,-62.133,13,51,101,176,307.025,125
339,Gulf of Panama,Saboga,AT19-1-2-177.5,AT19-1-2,177.5,36,1650.15,2174,2131.829,2377.025,-181.829,13,49,102,176,304,127
340,Gulf of Panama,Saboga,AT19-1-2-182.5,AT19-1-2,182.5,37,1873.5,2295.5,2255.974,2393.025,-305.974,13,51,103.5,182,318,131
341,Gulf of Panama,Saboga,AT19-1-2-187.5,AT19-1-2,187.5,38,2283.925,2403,2385.839,2424,-435.839,14,51,103,169.25,396,118.25
342,Gulf of Panama,Saboga,AT19-1-2-192.5,AT19-1-2,192.5,39,2405,2414,2416.925,2450.025,-466.925,3,8,13,34,131.025,26
343,Gulf of Panama,Saboga,AT19-1-2-197.5,AT19-1-2,197.5,40,2410,2422,2424.976,2461,-474.976,2,6,8,9,22,3
344,Gulf of Panama,Saboga,AT19-1-2-202.5,AT19-1-2,202.5,41,2413,2430,2432.242,2466,-482.242,2,5,7,8,13.025,3
345,Gulf of Panama,Saboga,AT19-1-2-207.5,AT19-1-2,207.5,42,2416,2438,2439.129,2470.025,-489.129,2,5,7,8,14,3
346,Gulf of Panama,Saboga,AT19-1-2-212.5,AT19-1-2,212.5,43,2419,2445,2445.843,2473,-495.843,2,5,7,8,11.025,3
347,Gulf of Panama,Saboga,AT19-1-2-217.5,AT19-1-2,217.5,44,2423,2453,2452.634,2476,-502.634,2,5,7,8,11,3
348,Gulf of Panama,Saboga,AT19-1-2-222.5,AT19-1-2,222.5,45,2427,2461,2459.578,2479,-509.578,2,5,7,8,13,3
349,Gulf of Panama,Saboga,AT19-1-2-227.5,AT19-1-2,227.5,46,2433,2469,2466.771,2482,-516.771,2,6,7,8,15,2
350,Gulf of Panama,Saboga,AT19-1-2-232.5,AT19-1-2,232.5,47,2441.975,2476.5,2474.658,2486,-524.658,2,6,8,9,20,3
351,Gulf of Panama,Saboga,AT19-1-2-237.5,AT19-1-2,237.5,48,2473,2487,2500.643,2626.575,-550.643,3,8,12,27,154.45,19
352,Gulf of Panama,Saboga,AT19-1-2-242.5,AT19-1-2,242.5,49,2500,2562,2605.27,3044.6,-655.27,17,47,72,95.25,507.225,48.25
353,Gulf of Panama,Saboga,AT19-1-2-247.5,AT19-1-2,247.5,50,2520,2638,2693.912,3287.125,-743.912,17,51,74,90,289.1,39
354,Gulf of Panama,Saboga,AT19-1-2-252.5,AT19-1-2,252.5,51,2538,2713,2772.466,3396.175,-822.466,16.975,48,74,79,214.15,31
355,Gulf of Panama,Saboga,AT19-1-2-257.5,AT19-1-2,257.5,52,2557.95,2787,2845.648,3510.25,-895.648,16.975,45,73,77,198.05,32
356,Gulf of Panama,Saboga,AT19-1-2-262.5,AT19-1-2,262.5,53,2578.95,2861,2913.886,3559.15,-963.886,16,43,72,76,173.1,33
357,Gulf of Panama,Saboga,AT19-1-2-267.5,AT19-1-2,267.5,54,2599.9,2934,2977.799,3601.1,-1027.799,15,40.75,69,75,148.075,34.25
358,Gulf of Panama,Saboga,AT19-1-2-272.5,AT19-1-2,272.5,55,2620.925,3009,3040.254,3635.125,-1090.254,15,39,65,75,138.025,36
359,Gulf of Panama,Saboga,AT19-1-2-277.5,AT19-1-2,277.5,56,2642,3082.5,3103.74,3673.025,-1153.74,14,38,63,75,153.025,37
360,Gulf of Panama,Saboga,AT19-1-2-282.5,AT19-1-2,282.5,57,2673,3157,3168.299,3715.1,-1218.299,15,38,61,75,164.125,37
361,Gulf of Panama,Saboga,AT19-1-2-287.5,AT19-1-2,287.5,58,2694.975,3231,3229.291,3767.025,-1279.291,14,37,60,75,147.1,38
362,Gulf of Panama,Saboga,AT19-1-2-292.5,AT19-1-2,292.5,59,2726.925,3306,3291.428,3794.025,-1341.428,15,37,61,75,157.2,38
363,Gulf of Panama,Saboga,AT19-1-2-297.5,AT19-1-2,297.5,60,2760.725,3379.5,3355.231,3820.15,-1405.231,15,37,61.5,75,174.3,38
364,Gulf of Panama,Saboga,AT19-1-2-302.5,AT19-1-2,302.5,61,2791.95,3452,3416.23,3846.1,-1466.23,15.975,36,60,75,134.025,39
365,Gulf of Panama,Saboga,AT19-1-2-307.5,AT19-1-2,307.5,62,2828.875,3526,3477.781,3873.1,-1527.781,15,37,62,75,146.1,38
366,Gulf of Panama,Saboga,AT19-1-2-312.5,AT19-1-2,312.5,63,2879.95,3601,3542.996,3904.05,-1592.996,16,38,64,75,169.075,37
367,Gulf of Panama,Saboga,AT19-1-2-317.5,AT19-1-2,317.5,64,2938,3676,3609.491,3930,-1659.491,16,39,69,75,178,36
368,Gulf of Panama,Saboga,AT19-1-2-322.5,AT19-1-2,322.5,65,2996.925,3750,3678.025,3955,-1728.025,17,41,72,76,172.025,35
369,Gulf of Panama,Saboga,AT19-1-2-327.5,AT19-1-2,327.5,66,3076.85,3825,3749.667,3979.025,-1799.667,17,43,73,77,194.125,34
370,Gulf of Panama,Saboga,AT19-1-2-332.5,AT19-1-2,332.5,67,3219.775,3899,3828.213,4006,-1878.213,17.975,45,73,78,244.15,33
371,Gulf of Panama,Saboga,AT19-1-2-337.5,AT19-1-2,337.5,68,3443.65,3975,3919.897,4033.025,-1969.897,19,50,74,87,346.025,37
372,Gulf of Panama,Saboga,AT19-1-2-342.5,AT19-1-2,342.5,69,3890.225,4049,4041.853,4191.025,-2091.853,22.975,54,73,115.25,558.2,61.25
373,Gulf of Panama,Saboga,AT19-1-3-2.5,AT19-1-3,2.5,1,-69,-68,-61.715,-18,2011.715,NA,NA,NA,NA,NA,NA
374,Gulf of Panama,Saboga,AT19-1-3-7.5,AT19-1-3,7.5,2,-59,-34,-22.316,111.05,1972.316,9,23,32,36,145.1,13
375,Gulf of Panama,Saboga,AT19-1-3-12.5,AT19-1-3,12.5,3,-47,1,12.904,151.025,1937.096,9,26,35,37,87.075,11
376,Gulf of Panama,Saboga,AT19-1-3-17.5,AT19-1-3,17.5,4,-36.025,37,44.919,177.025,1905.081,8,23,34,37,64.025,14
377,Gulf of Panama,Saboga,AT19-1-3-22.5,AT19-1-3,22.5,5,-25,72,74.749,194.025,1875.251,8,21,34,36,49,15
378,Gulf of Panama,Saboga,AT19-1-3-27.5,AT19-1-3,27.5,6,-12.025,107,104.088,207,1845.912,8,21,34,36,47,15
379,Gulf of Panama,Saboga,AT19-1-3-32.5,AT19-1-3,32.5,7,2.925,142.5,134.552,220,1815.448,8,21,34,36,56,15
380,Gulf of Panama,Saboga,AT19-1-3-37.5,AT19-1-3,37.5,8,28.975,178,166.009,231,1783.991,9,23,34,37,59,14
381,Gulf of Panama,Saboga,AT19-1-3-42.5,AT19-1-3,42.5,9,62.8,214,201.779,242,1748.221,9,27,35,37,89,10
382,Gulf of Panama,Saboga,AT19-1-3-47.5,AT19-1-3,47.5,10,172.975,250,243.197,258,1706.803,9.975,25,34,37,140,12
383,Gulf of Panama,Saboga,AT19-1-3-52.5,AT19-1-3,52.5,11,252,259,257.88,267,1692.12,3,7,9,16,68,9
384,Gulf of Panama,Saboga,AT19-1-3-57.5,AT19-1-3,57.5,12,256,266,265.294,271,1684.706,2,6,7,8,12,2
385,Gulf of Panama,Saboga,AT19-1-3-62.5,AT19-1-3,62.5,13,266.975,276,342.516,731.675,1607.484,3,7,13,95,462.75,88
386,Gulf of Panama,Saboga,AT19-1-3-67.5,AT19-1-3,67.5,14,397,647,709.517,1528.05,1240.483,109.975,254,339,380.25,1019.1,126.25
387,Gulf of Panama,Saboga,AT19-1-3-72.5,AT19-1-3,72.5,15,550.925,1026,1056.309,1753.05,893.691,110,318.75,365,399,566.075,80.25
388,Gulf of Panama,Saboga,AT19-1-3-77.5,AT19-1-3,77.5,16,721.8,1406,1388.011,1894.025,561.989,97.875,270.75,359,392,461.025,121.25
389,Gulf of Panama,Saboga,AT19-1-3-82.5,AT19-1-3,82.5,17,1020.9,1781.5,1734.585,2029.05,215.415,106.85,302,365,399,595.05,97
390,Gulf of Panama,Saboga,AT19-1-3-87.5,AT19-1-3,87.5,18,1770.575,2142,2095.53,2210.05,-145.53,110,265.5,340,377,949.875,111.5
391,Gulf of Panama,Saboga,AT19-1-3-92.5,AT19-1-3,92.5,19,2151.975,2177,2192.07,2321,-242.07,9,27,60,123,419.35,96
392,Gulf of Panama,Saboga,AT19-1-3-97.5,AT19-1-3,97.5,20,2163,2204,2223.307,2382.025,-273.307,7,19,27,31.25,95.025,12.25
393,Gulf of Panama,Saboga,AT19-1-3-102.5,AT19-1-3,102.5,21,2173,2232,2249.602,2410.025,-299.602,6,17,26,29,67.025,12
394,Gulf of Panama,Saboga,AT19-1-3-107.5,AT19-1-3,107.5,22,2182,2260,2273.856,2424.075,-323.856,6,16,26,28,57.025,12
395,Gulf of Panama,Saboga,AT19-1-3-112.5,AT19-1-3,112.5,23,2190.975,2288,2297.384,2439,-347.384,5,15,24,28,61,13
396,Gulf of Panama,Saboga,AT19-1-3-117.5,AT19-1-3,117.5,24,2201.975,2314,2319.458,2449,-369.458,5,14,23,28,45,14
397,Gulf of Panama,Saboga,AT19-1-3-122.5,AT19-1-3,122.5,25,2210,2342,2341.36,2459,-391.36,5,14,22,28,41.025,14
398,Gulf of Panama,Saboga,AT19-1-3-127.5,AT19-1-3,127.5,26,2225.95,2368,2363.295,2467,-413.295,5,14,22,27,42,13
399,Gulf of Panama,Saboga,AT19-1-3-132.5,AT19-1-3,132.5,27,2247.925,2396,2386.682,2476,-436.682,6,14.75,23,28,59.025,13.25
400,Gulf of Panama,Saboga,AT19-1-3-137.5,AT19-1-3,137.5,28,2264.95,2423,2410.377,2484,-460.377,6,15,25,28,58,13
401,Gulf of Panama,Saboga,AT19-1-3-142.5,AT19-1-3,142.5,29,2284,2451,2435.755,2493,-485.755,6,16,26,28,63.025,12
402,Gulf of Panama,Saboga,AT19-1-3-147.5,AT19-1-3,147.5,30,2337,2478,2464.831,2502,-514.831,7,18,27,30,88.025,12
403,Gulf of Panama,Saboga,AT19-1-3-152.5,AT19-1-3,152.5,31,2462,2507,2511.154,2599,-561.154,8,24,30,50,182.05,26
404,Gulf of Panama,Saboga,AT19-1-3-157.5,AT19-1-3,157.5,32,2515,2556,2590.588,2920.025,-640.588,14,38,48,84.25,328.025,46.25
405,Gulf of Panama,Saboga,AT19-1-3-162.5,AT19-1-3,162.5,33,2530,2607,2648.088,3012.525,-698.088,10.975,33,49,63,178.025,30
406,Gulf of Panama,Saboga,AT19-1-3-167.5,AT19-1-3,167.5,34,2545,2657,2697.237,3051.25,-747.237,10,28.75,48,52,148.05,23.25
407,Gulf of Panama,Saboga,AT19-1-3-172.5,AT19-1-3,172.5,35,2559,2707,2743.238,3115.025,-793.238,10,26,47,51,135.025,25
408,Gulf of Panama,Saboga,AT19-1-3-177.5,AT19-1-3,177.5,36,2573.95,2756,2785.142,3139.1,-835.142,9,24,42.5,50,103,26
409,Gulf of Panama,Saboga,AT19-1-3-182.5,AT19-1-3,182.5,37,2586,2804,2827.663,3171.025,-877.663,9,23,41,50,111.25,27
410,Gulf of Panama,Saboga,AT19-1-3-187.5,AT19-1-3,187.5,38,2608.975,2852,2868.228,3192.025,-918.228,9,22,40,50,112.05,28
411,Gulf of Panama,Saboga,AT19-1-3-192.5,AT19-1-3,192.5,39,2630.95,2900,2907.723,3209.025,-957.723,9,22,39,49,104.025,27
412,Gulf of Panama,Saboga,AT19-1-3-197.5,AT19-1-3,197.5,40,2654,2948.5,2947.488,3226.075,-997.488,9,22,38,49,102.125,27
413,Gulf of Panama,Saboga,AT19-1-3-202.5,AT19-1-3,202.5,41,2679.95,2997,2987.533,3244,-1037.533,9.975,22,38,49,100,27
414,Gulf of Panama,Saboga,AT19-1-3-207.5,AT19-1-3,207.5,42,2699.975,3045,3027.464,3259,-1077.464,10,23,39,49,101.15,26
415,Gulf of Panama,Saboga,AT19-1-3-212.5,AT19-1-3,212.5,43,2725.975,3092,3067.222,3275,-1117.222,9,23,40,49,94.1,26
416,Gulf of Panama,Saboga,AT19-1-3-217.5,AT19-1-3,217.5,44,2765.875,3140,3108.962,3289.025,-1158.962,9,24,42,50,100.025,26
417,Gulf of Panama,Saboga,AT19-1-3-222.5,AT19-1-3,222.5,45,2818.975,3189,3153.514,3303.025,-1203.514,10,25,45,50,121,25
418,Gulf of Panama,Saboga,AT19-1-3-227.5,AT19-1-3,227.5,46,2860.95,3237,3200.961,3317,-1250.961,10,27,47,51,129.025,24
419,Gulf of Panama,Saboga,AT19-1-3-232.5,AT19-1-3,232.5,47,2966.975,3288,3257.442,3331,-1307.442,12,32,49,62,175.05,30
420,Gulf of Panama,Saboga,AT19-1-3-237.5,AT19-1-3,237.5,48,3220.975,3339,3338.644,3461.05,-1388.644,14,40.75,50,94,305.25,53.25
421,Gulf of Panama,Saboga,AT19-1-3-242.5,AT19-1-3,242.5,49,3348,3390,3426.509,3746.05,-1476.509,14,38,50,102.25,362.375,64.25
422,Gulf of Panama,Saboga,AT19-1-3-247.5,AT19-1-3,247.5,50,3359.975,3440.5,3487.965,3925.1,-1537.965,9.975,30,49,70,216.275,40
423,Gulf of Panama,Saboga,AT19-1-3-252.5,AT19-1-3,252.5,51,3373,3489,3540.789,3995.175,-1590.789,9,27,48,58,164.275,31
424,Gulf of Panama,Saboga,AT19-1-3-257.5,AT19-1-3,257.5,52,3384,3538,3588.199,4051.025,-1638.199,9,25,44,51,138.025,26
425,Gulf of Panama,Saboga,AT19-1-3-262.5,AT19-1-3,262.5,53,3396,3586,3632.211,4100.3,-1682.211,9,24,40,50,133,26
426,Gulf of Panama,Saboga,AT19-1-3-267.5,AT19-1-3,267.5,54,3408,3636,3673.695,4133.1,-1723.695,8,24,38,50,111.025,26
427,Gulf of Panama,Saboga,AT19-1-3-272.5,AT19-1-3,272.5,55,3427.95,3684,3715.325,4169.5,-1765.325,8.975,23,37,50,111,27
428,Gulf of Panama,Saboga,AT19-1-3-277.5,AT19-1-3,277.5,56,3442,3733,3755.76,4203.025,-1805.76,9,23,37,50,113.025,27
429,Gulf of Panama,Saboga,AT19-1-3-282.5,AT19-1-3,282.5,57,3456.975,3782,3796.28,4224.05,-1846.28,9,23,36,49,124,26
430,Gulf of Panama,Saboga,AT19-1-3-287.5,AT19-1-3,287.5,58,3474,3831,3837.782,4240.1,-1887.782,9,22,36,49,126.025,27
431,Gulf of Panama,Saboga,AT19-1-3-292.5,AT19-1-3,292.5,59,3491.925,3881,3877.751,4257.05,-1927.751,9,22,35,49,111.075,27
432,Gulf of Panama,Saboga,AT19-1-3-297.5,AT19-1-3,297.5,60,3515,3929,3917.54,4271.025,-1967.54,8.975,22,35,49,106.025,27
433,Gulf of Panama,Saboga,AT19-1-3-302.5,AT19-1-3,302.5,61,3543.85,3977,3958.107,4283,-2008.107,9,23,36,49,122,26
434,Gulf of Panama,Saboga,AT19-1-3-307.5,AT19-1-3,307.5,62,3579.975,4026,4000.795,4295,-2050.795,9,24,37.5,50,142.025,26
435,Gulf of Panama,Saboga,AT19-1-3-312.5,AT19-1-3,312.5,63,3603.925,4075,4042.893,4308,-2092.893,9,24,38,50,119.175,26
436,Gulf of Panama,Saboga,AT19-1-3-317.5,AT19-1-3,317.5,64,3649.7,4125,4086.053,4320.025,-2136.053,9,24.75,40,50,121.2,25.25
437,Gulf of Panama,Saboga,AT19-1-3-322.5,AT19-1-3,322.5,65,3700.7,4174,4132.195,4332,-2182.195,9,25,42,51,134.075,26
438,Gulf of Panama,Saboga,AT19-1-3-327.5,AT19-1-3,327.5,66,3765.8,4223,4179.296,4344.025,-2229.296,10,26,45,51,143.05,25
439,Gulf of Panama,Saboga,AT19-1-3-332.5,AT19-1-3,332.5,67,3847.775,4273,4230.851,4356,-2280.851,10,28,47,55,156.075,27
440,Gulf of Panama,Saboga,AT19-1-3-337.5,AT19-1-3,337.5,68,3964.975,4324,4290.975,4369.025,-2340.975,11,30,49,63,199.025,33
441,Gulf of Panama,Saboga,AT19-1-3-342.5,AT19-1-3,342.5,69,4228.9,4372,4362.823,4390,-2412.823,11,31,48,75,334.05,44
442,Gulf of Panama,Saboga,AT19-1-3-347.5,AT19-1-3,347.5,70,4371,4386,4387.066,4414.025,-2437.066,3,8,12,23,160,15
443,Gulf of Panama,Saboga,AT19-1-3-352.5,AT19-1-3,352.5,71,4375,4394,4395.53,4426,-2445.53,2,6,8,10,22.025,4
444,Gulf of Panama,Saboga,AT19-1-3-357.5,AT19-1-3,357.5,72,4380,4401,4403.055,4433,-2453.055,2,6,7,9,16,3
445,Gulf of Panama,Saboga,AT19-1-3-362.5,AT19-1-3,362.5,73,4384,4409,4410.195,4436,-2460.195,2,5,7,9,13,4
446,Gulf of Panama,Saboga,AT19-1-3-367.5,AT19-1-3,367.5,74,4389,4418,4417.394,4439.025,-2467.394,2,5,7,9,13,4
447,Gulf of Panama,Saboga,AT19-1-3-372.5,AT19-1-3,372.5,75,4395,4426,4424.75,4445,-2474.75,2,5,7,9,14,4
448,Gulf of Panama,Saboga,AT19-1-3-377.5,AT19-1-3,377.5,76,4404,4434,4432.834,4452,-2482.834,2,6,8,9,18,3
449,Gulf of Panama,Saboga,AT19-1-3-382.5,AT19-1-3,382.5,77,4423,4445,4460.948,4604.05,-2510.948,3,7,10,20,163.05,13
450,Gulf of Panama,Saboga,AT19-1-4-2.5,AT19-1-4,2.5,1,-69,-68,-62.541,-43.9,2012.541,NA,NA,NA,NA,NA,NA
451,Gulf of Panama,Saboga,AT19-1-4-7.5,AT19-1-4,7.5,2,-54.025,-33,-26.496,81.05,1976.496,12,26,33,36,114.075,10
452,Gulf of Panama,Saboga,AT19-1-4-12.5,AT19-1-4,12.5,3,-40,3,9.213,126.05,1940.787,12,34,36,37,77,3
453,Gulf of Panama,Saboga,AT19-1-4-17.5,AT19-1-4,17.5,4,-25.025,39,43.167,156.05,1906.833,12,33,36,37,49.025,4
454,Gulf of Panama,Saboga,AT19-1-4-22.5,AT19-1-4,22.5,5,-9.025,75,76.153,177.025,1873.847,11,33,35,37,44,4
455,Gulf of Panama,Saboga,AT19-1-4-27.5,AT19-1-4,27.5,6,9,111,109.189,196.05,1840.811,11,33,35,37,41,4
456,Gulf of Panama,Saboga,AT19-1-4-32.5,AT19-1-4,32.5,7,27,147,141.903,211,1808.097,11,33,35,37,41,4
457,Gulf of Panama,Saboga,AT19-1-4-37.5,AT19-1-4,37.5,8,51.95,183,175.493,227,1774.507,11,33,36,37,51,4
458,Gulf of Panama,Saboga,AT19-1-4-42.5,AT19-1-4,42.5,9,95.925,219,211.707,244,1738.293,13,34,36,37,74,3
459,Gulf of Panama,Saboga,AT19-1-4-47.5,AT19-1-4,47.5,10,219,257.5,296.55,426.025,1653.45,19,35,51,122,246.075,87
460,Gulf of Panama,Saboga,AT19-1-4-52.5,AT19-1-4,52.5,11,392.95,619.5,644.602,1287.15,1305.398,142.95,282,336,359,925.4,77
461,Gulf of Panama,Saboga,AT19-1-4-57.5,AT19-1-4,57.5,12,561.975,982,996.796,1632.25,953.204,149.9,337,359,381.25,512.225,44.25
462,Gulf of Panama,Saboga,AT19-1-4-62.5,AT19-1-4,62.5,13,742.825,1345.5,1339.504,1917.15,610.496,141.95,333,357,379,422,46
463,Gulf of Panama,Saboga,AT19-1-4-67.5,AT19-1-4,67.5,14,927.875,1711,1682.065,2082.025,267.935,141,333,357,379,422,46
464,Gulf of Panama,Saboga,AT19-1-4-72.5,AT19-1-4,72.5,15,1294.6,2074,2036.476,2282,-86.476,142.95,339,360,383,510.15,44
465,Gulf of Panama,Saboga,AT19-1-4-77.5,AT19-1-4,77.5,16,2219.925,2436,2387.303,2471.05,-437.303,144.95,283.75,334,360,905.05,76.25
466,Gulf of Panama,Saboga,AT19-1-4-82.5,AT19-1-4,82.5,17,2447,2467,2471.338,2557.05,-521.338,14,28,39,113,264,85
467,Gulf of Panama,Saboga,AT19-1-4-87.5,AT19-1-4,87.5,18,2461,2495,2499.838,2586,-549.838,10,27,29,30,54,3
468,Gulf of Panama,Saboga,AT19-1-4-92.5,AT19-1-4,92.5,19,2473,2524,2526.767,2608.025,-576.767,10,26,28,30,39,4
469,Gulf of Panama,Saboga,AT19-1-4-97.5,AT19-1-4,97.5,20,2485.975,2553,2553.08,2621,-603.08,9,26,28,30,33,4
470,Gulf of Panama,Saboga,AT19-1-4-102.5,AT19-1-4,102.5,21,2502.975,2582,2579.448,2633,-629.448,9,26,28,30,33,4
471,Gulf of Panama,Saboga,AT19-1-4-107.5,AT19-1-4,107.5,22,2523.975,2610,2606.645,2645,-656.645,9,26.75,28,30,40,3.25
472,Gulf of Panama,Saboga,AT19-1-4-112.5,AT19-1-4,112.5,23,2555.975,2639,2634.896,2658.025,-684.896,9.975,27,29,30,49.025,3
473,Gulf of Panama,Saboga,AT19-1-4-117.5,AT19-1-4,117.5,24,2640.975,2670,2679.849,2766,-729.849,14,28,32,48,158,20
474,Gulf of Panama,Saboga,AT19-1-4-122.5,AT19-1-4,122.5,25,2696.975,2757,2785.621,3173.075,-835.621,30.95,69,84,89,394.425,20
475,Gulf of Panama,Saboga,AT19-1-4-127.5,AT19-1-4,127.5,26,2730.975,2845,2883.961,3379.025,-933.961,28,84,88,92,263,8
476,Gulf of Panama,Saboga,AT19-1-4-132.5,AT19-1-4,132.5,27,2764.975,2932,2971.893,3458.95,-1021.893,26.95,83,87,91,188.175,8
477,Gulf of Panama,Saboga,AT19-1-4-137.5,AT19-1-4,137.5,28,2797.95,3019,3055.232,3571.05,-1105.232,23,74.75,87,90,152,15.25
478,Gulf of Panama,Saboga,AT19-1-4-142.5,AT19-1-4,142.5,29,2829.925,3108,3134.26,3611.125,-1184.26,21.975,67,87,90,130,23
479,Gulf of Panama,Saboga,AT19-1-4-147.5,AT19-1-4,147.5,30,2863.925,3196,3212.004,3650.025,-1262.004,21,65.75,86,89,112.025,23.25
480,Gulf of Panama,Saboga,AT19-1-4-152.5,AT19-1-4,152.5,31,2920.925,3283,3289.542,3682,-1339.542,21.975,64,86,89,106.025,25
481,Gulf of Panama,Saboga,AT19-1-4-157.5,AT19-1-4,157.5,32,2973.775,3371,3367.344,3714.025,-1417.344,21.975,64.75,86,89,107.1,24.25
482,Gulf of Panama,Saboga,AT19-1-4-162.5,AT19-1-4,162.5,33,3016.95,3458,3445.132,3753.05,-1495.132,22,65,86,89,106.025,24
483,Gulf of Panama,Saboga,AT19-1-4-167.5,AT19-1-4,167.5,34,3083.825,3546,3525.584,3787.025,-1575.584,23,67,86,90,137.05,23
484,Gulf of Panama,Saboga,AT19-1-4-172.5,AT19-1-4,172.5,35,3142.8,3634,3606.949,3815,-1656.949,23,70,87,90,148,20
485,Gulf of Panama,Saboga,AT19-1-4-177.5,AT19-1-4,177.5,36,3259.525,3722,3691.883,3845.025,-1741.883,24.975,76.75,87,90,172.075,13.25
486,Gulf of Panama,Saboga,AT19-1-4-182.5,AT19-1-4,182.5,37,3447.825,3809,3785.279,3873.025,-1835.279,26,83,88,91,253.025,8
487,Gulf of Panama,Saboga,AT19-1-4-187.5,AT19-1-4,187.5,38,3799.9,3893,3883.46,3917,-1933.46,24.975,62,84,89,382.15,27
488,Gulf of Panama,Saboga,AT19-1-4-192.5,AT19-1-4,192.5,39,3893,3907,3910.982,3968.025,-1960.982,3.975,9,15,33,120.025,24
489,Gulf of Panama,Saboga,AT19-1-4-197.5,AT19-1-4,197.5,40,3899,3916,3921.628,3984,-1971.628,3,9,10,10,30,1
490,Gulf of Panama,Saboga,AT19-1-4-202.5,AT19-1-4,202.5,41,3904,3926,3931.444,3998,-1981.444,3,8,10,10,23.025,2
491,Gulf of Panama,Saboga,AT19-1-4-207.5,AT19-1-4,207.5,42,3909,3936,3940.724,4010,-1990.724,2,7,9,10,21,3
492,Gulf of Panama,Saboga,AT19-1-4-212.5,AT19-1-4,212.5,43,3912,3945,3949.722,4016.05,-1999.722,2,7,9,10,18,3
493,Gulf of Panama,Saboga,AT19-1-4-217.5,AT19-1-4,217.5,44,3915.975,3955,3958.272,4024,-2008.272,2,6,9,10,16,4
494,Gulf of Panama,Saboga,AT19-1-4-222.5,AT19-1-4,222.5,45,3919,3965,3966.824,4034,-2016.824,2,6,9,10,14.025,4
495,Gulf of Panama,Saboga,AT19-1-4-227.5,AT19-1-4,227.5,46,3923.95,3974,3975.249,4036.05,-2025.249,2,6,9,10,14,4
496,Gulf of Panama,Saboga,AT19-1-4-232.5,AT19-1-4,232.5,47,3927,3984,3983.575,4042.025,-2033.575,2,6,9,10,13,4
497,Gulf of Panama,Saboga,AT19-1-4-237.5,AT19-1-4,237.5,48,3931.975,3994,3991.92,4046,-2041.92,2,6,9,10,13,4
498,Gulf of Panama,Saboga,AT19-1-4-242.5,AT19-1-4,242.5,49,3938,4003,4000.261,4049.025,-2050.261,2,6,9,10,13,4
499,Gulf of Panama,Saboga,AT19-1-4-247.5,AT19-1-4,247.5,50,3944,4013,4008.768,4053,-2058.768,2,6,9,10,14,4
500,Gulf of Panama,Saboga,AT19-1-4-252.5,AT19-1-4,252.5,51,3951,4022.5,4017.372,4057,-2067.372,2,6.75,9,10,15,3.25
501,Gulf of Panama,Saboga,AT19-1-4-257.5,AT19-1-4,257.5,52,3958.975,4032,4026.303,4060,-2076.303,2,7,9,10,19,3
502,Gulf of Panama,Saboga,AT19-1-4-262.5,AT19-1-4,262.5,53,3970,4042,4035.609,4063.025,-2085.609,2,7,9,10,21.025,3
503,Gulf of Panama,Saboga,AT19-1-4-267.5,AT19-1-4,267.5,54,3977,4051,4045.434,4068,-2095.434,3,8,10,10,25,2
504,Gulf of Panama,Saboga,AT19-1-4-272.5,AT19-1-4,272.5,55,4000,4061,4056.457,4074,-2106.457,3,9,10,10,33.025,1
505,Gulf of Panama,Saboga,AT19-1-4-277.5,AT19-1-4,277.5,56,4055,4075,4087.234,4208.075,-2137.234,4,10,16,34,146.025,24
506,Gulf of Panama,Saboga,AT19-1-4-282.5,AT19-1-4,282.5,57,4091,4158,4197.26,4681.15,-2247.26,25.95,62,84,88,505.575,26
507,Gulf of Panama,Saboga,AT19-1-4-287.5,AT19-1-4,287.5,58,4124,4245.5,4290.599,4873.025,-2340.599,25.975,82,87,90.25,269.2,8.25
508,Gulf of Panama,Saboga,AT19-1-4-292.5,AT19-1-4,292.5,59,4154.975,4333,4376.139,4955.25,-2426.139,24,74.75,87,90,198.075,15.25
509,Gulf of Panama,Saboga,AT19-1-4-297.5,AT19-1-4,297.5,60,4186.95,4421,4456.692,5024.225,-2506.692,19,67,87,90,141.075,23
510,Gulf of Panama,Saboga,AT19-1-4-302.5,AT19-1-4,302.5,61,4216.975,4509,4535.302,5081,-2585.302,19,63,86,89,125.025,26
511,Gulf of Panama,Saboga,AT19-1-4-307.5,AT19-1-4,307.5,62,4245.95,4596.5,4612.789,5112.15,-2662.789,18.975,60,86,89,122.025,29
512,Gulf of Panama,Saboga,AT19-1-4-312.5,AT19-1-4,312.5,63,4277.875,4684,4690.859,5149.025,-2740.859,19,60,86,89,123.025,29
513,Gulf of Panama,Saboga,AT19-1-4-317.5,AT19-1-4,317.5,64,4319.975,4772.5,4769.04,5186.3,-2819.04,19,60,86,89,130.05,29
514,Gulf of Panama,Saboga,AT19-1-4-322.5,AT19-1-4,322.5,65,4354.95,4860,4845.787,5225.025,-2895.787,19.975,60,86,89,124,29
515,Gulf of Panama,Saboga,AT19-1-4-327.5,AT19-1-4,327.5,66,4404,4947,4923.255,5251.075,-2973.255,20,61,86,89,124.025,28
516,Gulf of Panama,Saboga,AT19-1-4-332.5,AT19-1-4,332.5,67,4468.875,5035,5001.625,5281.025,-3051.625,21,63.75,86,89,134.025,25.25
517,Gulf of Panama,Saboga,AT19-1-4-337.5,AT19-1-4,337.5,68,4540,5124,5082.764,5307.025,-3132.764,22,70,87,90,156.075,20
518,Gulf of Panama,Saboga,AT19-1-4-342.5,AT19-1-4,342.5,69,4628.8,5212,5169.497,5334,-3219.497,22,80,87,90,213.025,10
519,Gulf of Panama,Saboga,AT19-1-4-347.5,AT19-1-4,347.5,70,4816.75,5300,5264.687,5361.025,-3314.687,24,84,87,91,263.225,7
520,Gulf of Panama,Saboga,AT19-1-4-352.5,AT19-1-4,352.5,71,5270.875,5386,5375.843,5424.15,-3425.843,27,73,85,89,473.125,16
521,Gulf of Panama,Saboga,AT19-1-4-357.5,AT19-1-4,357.5,72,5401,5432,5437.34,5546.025,-3487.34,21,43,47,60,188.025,17
522,Gulf of Panama,Saboga,AT19-1-4-362.5,AT19-1-4,362.5,73,5420,5478,5481.978,5587.05,-3531.978,17,42,45,48,75,6
523,Gulf of Panama,Saboga,AT19-1-4-367.5,AT19-1-4,367.5,74,5440.975,5522,5524.923,5620.025,-3574.923,15,42,45,47,55,5
524,Gulf of Panama,Saboga,AT19-1-4-372.5,AT19-1-4,372.5,75,5466.95,5568,5567.432,5642.025,-3617.432,15.975,41,45,47,52,6
525,Gulf of Panama,Saboga,AT19-1-4-377.5,AT19-1-4,377.5,76,5494.875,5613,5610.084,5664.025,-3660.084,15.975,41,45,47,53,6
526,Gulf of Panama,Saboga,AT19-1-4-382.5,AT19-1-4,382.5,77,5544.825,5659,5654.244,5689,-3704.244,17.975,42,45,48,76,6
527,Gulf of Panama,Saboga,AT19-1-4-387.5,AT19-1-4,387.5,78,5669,5703,5709.477,5797,-3759.477,20,40,44,48,180.025,8
528,Gulf of Panama,Saboga,AT19-1-4-392.5,AT19-1-4,392.5,79,5696,5731,5786.285,6263.05,-3836.285,2,15.75,31,81,456.025,65.25
529,Gulf of Panama,Saboga,AT19-1-4-397.5,AT19-1-4,397.5,80,5700,5757.5,5844.734,6457.225,-3894.734,1,10,26,73,295.05,63
530,Gulf of Panama,Saboga,AT19-1-4-402.5,AT19-1-4,402.5,81,5702,5784,5896.612,6636.5,-3946.612,1,10,24,66,253.35,56
531,Gulf of Panama,Saboga,AT19-1-4-406,AT19-1-4,406,82,5704,5802,5928.689,6760.325,-3978.689,1,7,16,39,145.05,32
532,Gulf of Panama,Isla Iguana,JC22-2-1-2.5,JC22-2-1,2.5,1,-72,-71,-67.856,-49.975,2017.856,NA,NA,NA,NA,NA,NA
533,Gulf of Panama,Isla Iguana,JC22-2-1-7.5,JC22-2-1,7.5,2,-65,-49,-45.913,-7.975,1995.913,6,16,21,23,56.025,7
534,Gulf of Panama,Isla Iguana,JC22-2-1-12.5,JC22-2-1,12.5,3,-56,-25,-25.847,4.025,1975.847,6,15,22,24,32,9
535,Gulf of Panama,Isla Iguana,JC22-2-1-17.5,JC22-2-1,17.5,4,-43.025,-2,-5.537,12,1955.537,6,16,22,24,34.025,8
536,Gulf of Panama,Isla Iguana,JC22-2-1-22.5,JC22-2-1,22.5,5,15,19,20.198,24.025,1929.802,7,18,21,26,63,8
537,Gulf of Panama,Isla Iguana,JC22-2-1-27.5,JC22-2-1,27.5,6,18,21,28.282,36.05,1921.718,1,2,2,4,26.075,2
538,Gulf of Panama,Isla Iguana,JC22-2-1-32.5,JC22-2-1,32.5,7,19,23,34.296,40,1915.704,0,1,2,3,11.025,2
539,Gulf of Panama,Isla Iguana,JC22-2-1-37.5,JC22-2-1,37.5,8,20,25,39.597,43,1910.403,0,1,2,2,11,1
540,Gulf of Panama,Isla Iguana,JC22-2-1-42.5,JC22-2-1,42.5,9,21,27,43.629,43.175,1906.371,0,1,2,2,10,1
541,Gulf of Panama,Isla Iguana,JC22-2-1-47.5,JC22-2-1,47.5,10,22,29,48.048,44.275,1901.952,0,1,2,2,12.05,1
542,Gulf of Panama,Isla Iguana,JC22-2-1-52.5,JC22-2-1,52.5,11,22,31,51.486,44.4,1898.514,0,1,2,2,13,1
543,Gulf of Panama,Isla Iguana,JC22-2-1-57.5,JC22-2-1,57.5,12,23,33,55.217,45.5,1894.783,0,1,1,2,10.025,1
544,Gulf of Panama,Isla Iguana,JC22-2-1-62.5,JC22-2-1,62.5,13,25,35,58.886,45.65,1891.114,0,1,1,2,8.025,1
545,Gulf of Panama,Isla Iguana,JC22-2-1-67.5,JC22-2-1,67.5,14,26,37,63.333,47.675,1886.667,0,1,2,2,11.025,1
546,Gulf of Panama,Isla Iguana,JC22-2-1-72.5,JC22-2-1,72.5,15,28,39,67.9,48.7,1882.1,0,1,2,2,10.05,1
547,Gulf of Panama,Isla Iguana,JC22-2-1-77.5,JC22-2-1,77.5,16,30,41,73.353,50.675,1876.647,0,1,2,2,10.025,1
548,Gulf of Panama,Isla Iguana,JC22-2-1-82.5,JC22-2-1,82.5,17,37,43,80.189,52.675,1869.811,1,1,2,3,15,2
549,Gulf of Panama,Isla Iguana,JC22-2-1-87.5,JC22-2-1,87.5,18,89.925,255.5,444.215,2058.6,1505.785,45,122,206,423.75,1699.1,301.75
550,Gulf of Panama,Isla Iguana,JC22-2-1-92.5,JC22-2-1,92.5,19,161.925,542,771.565,2661.8,1178.435,57,154,259.5,390.75,1129.15,236.75
551,Gulf of Panama,Isla Iguana,JC22-2-1-97.5,JC22-2-1,97.5,20,235.85,818.5,1040.841,2873.175,909.159,49.975,136,228,307.25,888,171.25
552,Gulf of Panama,Isla Iguana,JC22-2-1-102.5,JC22-2-1,102.5,21,305.925,1090,1281,3104.1,669,47,123,199,280,750.75,157
553,Gulf of Panama,Isla Iguana,JC22-2-1-107.5,JC22-2-1,107.5,22,394.775,1363,1510.782,3255.2,439.218,44,116,186.5,278,750.25,162
554,Gulf of Panama,Isla Iguana,JC22-2-1-112.5,JC22-2-1,112.5,23,493.6,1639,1728.413,3398.1,221.587,42.975,112.75,179,276,644.575,163.25
555,Gulf of Panama,Isla Iguana,JC22-2-1-117.5,JC22-2-1,117.5,24,585.65,1910,1946.19,3547.45,3.81,42.975,112.75,177.5,276,671.225,163.25
556,Gulf of Panama,Isla Iguana,JC22-2-1-122.5,JC22-2-1,122.5,25,705.75,2181.5,2162.691,3637.375,-212.691,42,112,177,276.25,715.925,164.25
557,Gulf of Panama,Isla Iguana,JC22-2-1-127.5,JC22-2-1,127.5,26,809.875,2461.5,2393.259,3746.05,-443.259,43,115,186,278,785.475,163
558,Gulf of Panama,Isla Iguana,JC22-2-1-132.5,JC22-2-1,132.5,27,958.775,2738.5,2624.995,3814.05,-674.995,40,119,186.5,279,779.1,160
559,Gulf of Panama,Isla Iguana,JC22-2-1-137.5,JC22-2-1,137.5,28,1167.575,3014,2855.155,3897.1,-905.155,41.975,122,192.5,280,720.35,158
560,Gulf of Panama,Isla Iguana,JC22-2-1-142.5,JC22-2-1,142.5,29,1453.825,3294.5,3102.794,3957.075,-1152.794,42,129,205,282,795.15,153
561,Gulf of Panama,Isla Iguana,JC22-2-1-147.5,JC22-2-1,147.5,30,1632.625,3571.5,3359.175,4017.025,-1409.175,42.975,133,217,300.25,786.1,167.25
562,Gulf of Panama,Isla Iguana,JC22-2-1-152.5,JC22-2-1,152.5,31,2284.525,3848,3655.843,4076.075,-1705.843,50,154,252,350.25,909.025,196.25
563,Gulf of Panama,Isla Iguana,JC22-2-1-157.5,JC22-2-1,157.5,32,4013,4135,4122.103,4173,-2172.103,59.975,180.75,279,560.75,1791.025,380
564,Gulf of Panama,Isla Iguana,JC22-2-1-162.5,JC22-2-1,162.5,33,4151.975,4204,4238.409,4520.05,-2288.409,17,54,74,135,408.025,81
565,Gulf of Panama,Isla Iguana,JC22-2-1-167.5,JC22-2-1,167.5,34,4165.975,4270,4303.536,4595.025,-2353.536,13,39,63,73,180.025,34
566,Gulf of Panama,Isla Iguana,JC22-2-1-172.5,JC22-2-1,172.5,35,4182.95,4337,4362.388,4638.1,-2412.388,11,34,55,68,159.15,34
567,Gulf of Panama,Isla Iguana,JC22-2-1-177.5,JC22-2-1,177.5,36,4198.95,4404,4417.495,4689.05,-2467.495,11,31,51,67,152,36
568,Gulf of Panama,Isla Iguana,JC22-2-1-182.5,JC22-2-1,182.5,37,4218.95,4470,4469.822,4720.075,-2519.822,11,31,48,67,127.025,36
569,Gulf of Panama,Isla Iguana,JC22-2-1-187.5,JC22-2-1,187.5,38,4251.825,4536,4523.724,4752.05,-2573.724,11,31,48,67,149.025,36
570,Gulf of Panama,Isla Iguana,JC22-2-1-192.5,JC22-2-1,192.5,39,4297.975,4601,4579.295,4774.05,-2629.295,11,32,50,67,163.025,35
571,Gulf of Panama,Isla Iguana,JC22-2-1-197.5,JC22-2-1,197.5,40,4354.775,4666,4636.01,4795,-2686.01,11.975,32,52,67,152.075,35
572,Gulf of Panama,Isla Iguana,JC22-2-1-202.5,JC22-2-1,202.5,41,4402.775,4732.5,4695.376,4814.075,-2745.376,12.975,35,57,68,146.05,33
573,Gulf of Panama,Isla Iguana,JC22-2-1-208.5,JC22-2-1,208.5,42,4570.875,4813.5,4789.935,4841.025,-2839.935,19,54,80,113,271.15,59
574,Gulf of Panama,Isla Iguana,JC22-2-2-2.5,JC22-2-2,2.5,1,-72,-72,-70.934,-66,2020.934,NA,NA,NA,NA,NA,NA
575,Gulf of Panama,Isla Iguana,JC22-2-2-7.5,JC22-2-2,7.5,2,-71,-68,-66.743,-58,2016.743,1,3,4,5,11,2
576,Gulf of Panama,Isla Iguana,JC22-2-2-12.5,JC22-2-2,12.5,3,-69,-64,-63.344,-56,2013.344,1,2,4,4,7,2
577,Gulf of Panama,Isla Iguana,JC22-2-2-17.5,JC22-2-2,17.5,4,-67.025,-60,-60.125,-54,2010.125,1,2,3,4,6,2
578,Gulf of Panama,Isla Iguana,JC22-2-2-22.5,JC22-2-2,22.5,5,-65,-56,-56.832,-53,2006.832,1,2,3,4,7,2
579,Gulf of Panama,Isla Iguana,JC22-2-2-27.5,JC22-2-2,27.5,6,-55,-52,-50.876,-40,2000.876,1,4,5,7,18.025,3
580,Gulf of Panama,Isla Iguana,JC22-2-2-32.5,JC22-2-2,32.5,7,-50.025,-42,-38.181,-4.95,1988.181,2,6,9,15,41.025,9
581,Gulf of Panama,Isla Iguana,JC22-2-2-37.5,JC22-2-2,37.5,8,-48,-33,-29.421,5,1979.421,2,5,9,10,22.025,5
582,Gulf of Panama,Isla Iguana,JC22-2-2-42.5,JC22-2-2,42.5,9,-46,-24,-21.251,12,1971.251,2,5,7,10,24.025,5
583,Gulf of Panama,Isla Iguana,JC22-2-2-47.5,JC22-2-2,47.5,10,-43,-15,-13.863,17,1963.863,2,4,7,9,21,5
584,Gulf of Panama,Isla Iguana,JC22-2-2-52.5,JC22-2-2,52.5,11,-38,-6,-6.504,20.025,1956.504,2,4,7,9,23,5
585,Gulf of Panama,Isla Iguana,JC22-2-2-57.5,JC22-2-2,57.5,12,-33,3,0.82,23.025,1949.18,1,4,7,9,21.025,5
586,Gulf of Panama,Isla Iguana,JC22-2-2-62.5,JC22-2-2,62.5,13,-27,12.5,8.663,26,1941.337,2,4,7,9,22,5
587,Gulf of Panama,Isla Iguana,JC22-2-2-67.5,JC22-2-2,67.5,14,-15.025,22,17.687,29,1932.313,2,5,9,10,26,5
588,Gulf of Panama,Isla Iguana,JC22-2-2-72.5,JC22-2-2,72.5,15,27,56,118.823,627.55,1831.177,4,15.75,39,86,623.525,70.25
589,Gulf of Panama,Isla Iguana,JC22-2-2-77.5,JC22-2-2,77.5,16,118.9,397,612.194,2172.55,1337.806,75.975,204,323.5,632,1850.575,428
590,Gulf of Panama,Isla Iguana,JC22-2-2-82.5,JC22-2-2,82.5,17,194.85,721.5,952.979,2683,997.021,61,171,280.5,395,1043.025,224
591,Gulf of Panama,Isla Iguana,JC22-2-2-87.5,JC22-2-2,87.5,18,278.875,1054.5,1257.539,3039.125,692.461,54.975,158,255,353.25,922.3,195.25
592,Gulf of Panama,Isla Iguana,JC22-2-2-92.5,JC22-2-2,92.5,19,362.85,1373.5,1548.594,3387,401.406,53,141.75,234,329,1024.425,187.25
593,Gulf of Panama,Isla Iguana,JC22-2-2-97.5,JC22-2-2,97.5,20,450.6,1696,1814.647,3577.575,135.353,51.975,133,216,325,872.325,192
594,Gulf of Panama,Isla Iguana,JC22-2-2-102.5,JC22-2-2,102.5,21,577.75,2017,2083.686,3715,-133.686,49,132.75,211,325,920.275,192.25
595,Gulf of Panama,Isla Iguana,JC22-2-2-107.5,JC22-2-2,107.5,22,743.975,2341.5,2352.842,3904.175,-402.842,48,133.75,213.5,325,917.325,191.25
596,Gulf of Panama,Isla Iguana,JC22-2-2-112.5,JC22-2-2,112.5,23,881.825,2660,2615.25,4035.2,-665.25,48,133,213,325,843.1,192
597,Gulf of Panama,Isla Iguana,JC22-2-2-117.5,JC22-2-2,117.5,24,1011.95,2983.5,2873.234,4141.7,-923.234,52,130,206,325,795.275,195
598,Gulf of Panama,Isla Iguana,JC22-2-2-122.5,JC22-2-2,122.5,25,1261,3305,3136.954,4248.1,-1186.954,51,131,216,326,799.3,195
599,Gulf of Panama,Isla Iguana,JC22-2-2-127.5,JC22-2-2,127.5,26,1557.65,3623.5,3412.859,4337.125,-1462.859,55,146,227,328,863.2,182
600,Gulf of Panama,Isla Iguana,JC22-2-2-132.5,JC22-2-2,132.5,27,1976.45,3948,3720.579,4414.025,-1770.579,59.975,159,249,350.75,954.175,191.75
601,Gulf of Panama,Isla Iguana,JC22-2-2-138.5,JC22-2-2,138.5,28,2672,4344,4161.886,4502.025,-2211.886,81,217,383,537.5,1352.325,320.5
602,Gulf of Panama,Isla Iguana,JC22-2-3-2.5,JC22-2-3,2.5,1,-72,-71,-69.134,-58,2019.134,NA,NA,NA,NA,NA,NA
603,Gulf of Panama,Isla Iguana,JC22-2-3-7.5,JC22-2-3,7.5,2,-65,-55,-53.746,-28,2003.746,6,13,15,16,34,3
604,Gulf of Panama,Isla Iguana,JC22-2-3-12.5,JC22-2-3,12.5,3,-58,-38,-38.504,-20,1988.504,5,14,16,17,20,3
605,Gulf of Panama,Isla Iguana,JC22-2-3-17.5,JC22-2-3,17.5,4,-48,-21,-22.854,-13,1972.854,5,15,16,18,21,3
606,Gulf of Panama,Isla Iguana,JC22-2-3-22.5,JC22-2-3,22.5,5,-11,-4,1.826,68,1948.174,9,16,18,23,91.025,7
607,Gulf of Panama,Isla Iguana,JC22-2-3-27.5,JC22-2-3,27.5,6,0,20,34.743,160.025,1915.257,7,19,24,33.25,122.025,14.25
608,Gulf of Panama,Isla Iguana,JC22-2-3-32.5,JC22-2-3,32.5,7,7,45,61.687,230.025,1888.313,6.975,16,24,27,85.025,11
609,Gulf of Panama,Isla Iguana,JC22-2-3-37.5,JC22-2-3,37.5,8,15,69,85.822,257.025,1864.178,6,15,24,25,66.025,10
610,Gulf of Panama,Isla Iguana,JC22-2-3-42.5,JC22-2-3,42.5,9,22,93,108.748,282,1841.252,5.975,14,23,24,62.025,10
611,Gulf of Panama,Isla Iguana,JC22-2-3-47.5,JC22-2-3,47.5,10,30,116,129.851,299.025,1820.149,5.975,13,22,24,50.025,11
612,Gulf of Panama,Isla Iguana,JC22-2-3-52.5,JC22-2-3,52.5,11,40,141,150.567,311.025,1799.433,5,13,20,24,46.025,11
613,Gulf of Panama,Isla Iguana,JC22-2-3-57.5,JC22-2-3,57.5,12,48.975,165,170.496,320.025,1779.504,5,12,20,24,47,12
614,Gulf of Panama,Isla Iguana,JC22-2-3-62.5,JC22-2-3,62.5,13,58,189,190.582,329.025,1759.418,5,12,20,24,51.025,12
615,Gulf of Panama,Isla Iguana,JC22-2-3-67.5,JC22-2-3,67.5,14,68,212,209.915,338.025,1740.085,5,12,19,24,43,12
616,Gulf of Panama,Isla Iguana,JC22-2-3-72.5,JC22-2-3,72.5,15,81.95,236,229.578,347,1720.422,5,12,20,24,48.025,12
617,Gulf of Panama,Isla Iguana,JC22-2-3-77.5,JC22-2-3,77.5,16,94.975,260,249.214,355,1700.786,5,12,20,24,44,12
618,Gulf of Panama,Isla Iguana,JC22-2-3-82.5,JC22-2-3,82.5,17,105,284,269.817,363.025,1680.183,5,12,22,24,45.025,12
619,Gulf of Panama,Isla Iguana,JC22-2-3-87.5,JC22-2-3,87.5,18,119.925,308,291.266,373,1658.734,5,13,23,24,52,11
620,Gulf of Panama,Isla Iguana,JC22-2-3-92.5,JC22-2-3,92.5,19,148.975,332,314.629,380,1635.371,5,14,24,25,60.05,11
621,Gulf of Panama,Isla Iguana,JC22-2-3-97.5,JC22-2-3,97.5,20,180.975,356,339.507,386,1610.493,5.975,16,24,25,66.05,9
622,Gulf of Panama,Isla Iguana,JC22-2-3-102.5,JC22-2-3,102.5,21,253.925,380,369.227,393,1580.773,6,17.75,24,32,105.025,14.25
623,Gulf of Panama,Isla Iguana,JC22-2-3-107.5,JC22-2-3,107.5,22,458.975,601,711.976,2064.925,1238.024,88.975,186,229,277.25,1690.725,91.25
624,Gulf of Panama,Isla Iguana,JC22-2-3-112.5,JC22-2-3,112.5,23,622.875,1126.5,1273.836,3104.125,676.164,150.975,451.5,525,534,1547.425,82.5
625,Gulf of Panama,Isla Iguana,JC22-2-3-117.5,JC22-2-3,117.5,24,783.9,1653,1759.098,3582.375,190.902,145.925,363.5,524,531,978.175,167.5
626,Gulf of Panama,Isla Iguana,JC22-2-3-122.5,JC22-2-3,122.5,25,951.75,2180,2214.405,3884.225,-264.405,129.95,331.75,522,529,787.125,197.25
627,Gulf of Panama,Isla Iguana,JC22-2-3-127.5,JC22-2-3,127.5,26,1159.825,2707.5,2667.807,4067.45,-717.807,117.925,320.75,522,529,729.1,208.25
628,Gulf of Panama,Isla Iguana,JC22-2-3-132.5,JC22-2-3,132.5,27,1393.65,3234,3124.174,4256.15,-1174.174,118.9,334,522,529,724.1,195
629,Gulf of Panama,Isla Iguana,JC22-2-3-137.5,JC22-2-3,137.5,28,1742.475,3760,3601.563,4417.05,-1651.563,134.95,371.75,524,531,907,159.25
630,Gulf of Panama,Isla Iguana,JC22-2-3-143.5,JC22-2-3,143.5,29,2778.225,4391,4261.212,4611.05,-2311.212,174.85,573.75,631,642,1574.525,68.25
